Date,Source_City,Destination_City,Route,Shipments,Demand_Tons
2024-01-01,Bangalore,Chennai,BLR-CHN,182,79.89
2024-01-01,Chennai,Hyderabad,BLR-HYD,94,39.44
2024-01-01,Hyderabad,Mumbai,BLR-MUM,100,24.68
2024-01-01,Mumbai,Delhi,CHN-HYD,154,52.02
2024-01-01,Delhi,Bangalore,MUM-DEL,196,74.55
2024-01-02,Bangalore,Chennai,BLR-CHN,231,91.31
2024-01-02,Chennai,Hyderabad,BLR-HYD,132,64.81
2024-01-02,Hyderabad,Mumbai,BLR-MUM,237,62.5
2024-01-02,Mumbai,Delhi,CHN-HYD,100,38.52
2024-01-02,Delhi,Bangalore,MUM-DEL,137,48.97
2024-01-03,Bangalore,Chennai,BLR-CHN,168,48.28
2024-01-03,Chennai,Hyderabad,BLR-HYD,138,44.15
2024-01-03,Hyderabad,Mumbai,BLR-MUM,94,31.66
2024-01-03,Mumbai,Delhi,CHN-HYD,130,40.92
2024-01-03,Delhi,Bangalore,MUM-DEL,143,48.62
2024-01-04,Bangalore,Chennai,BLR-CHN,130,52.53
2024-01-04,Chennai,Hyderabad,BLR-HYD,152,33.37
2024-01-04,Hyderabad,Mumbai,BLR-MUM,211,101.84
2024-01-04,Mumbai,Delhi,CHN-HYD,93,41.15
2024-01-04,Delhi,Bangalore,MUM-DEL,88,18.02
2024-01-05,Bangalore,Chennai,BLR-CHN,209,84.7
2024-01-05,Chennai,Hyderabad,BLR-HYD,190,76.95
2024-01-05,Hyderabad,Mumbai,BLR-MUM,87,18.3
2024-01-05,Mumbai,Delhi,CHN-HYD,160,44.42
2024-01-05,Delhi,Bangalore,MUM-DEL,183,78.07
2024-01-06,Bangalore,Chennai,BLR-CHN,213,55.89
2024-01-06,Chennai,Hyderabad,BLR-HYD,83,21.2
2024-01-06,Hyderabad,Mumbai,BLR-MUM,225,97.32
2024-01-06,Mumbai,Delhi,CHN-HYD,241,76.77
2024-01-06,Delhi,Bangalore,MUM-DEL,93,38.89
2024-01-07,Bangalore,Chennai,BLR-CHN,94,21.3
2024-01-07,Chennai,Hyderabad,BLR-HYD,119,53.95
2024-01-07,Hyderabad,Mumbai,BLR-MUM,161,58.27
2024-01-07,Mumbai,Delhi,CHN-HYD,103,31.62
2024-01-07,Delhi,Bangalore,MUM-DEL,203,57.41
2024-01-08,Bangalore,Chennai,BLR-CHN,236,104.0
2024-01-08,Chennai,Hyderabad,BLR-HYD,144,29.48
2024-01-08,Hyderabad,Mumbai,BLR-MUM,88,37.99
2024-01-08,Mumbai,Delhi,CHN-HYD,215,43.36
2024-01-08,Delhi,Bangalore,MUM-DEL,218,56.6
2024-01-09,Bangalore,Chennai,BLR-CHN,215,90.02
2024-01-09,Chennai,Hyderabad,BLR-HYD,112,42.76
2024-01-09,Hyderabad,Mumbai,BLR-MUM,120,56.94
2024-01-09,Mumbai,Delhi,CHN-HYD,151,50.56
2024-01-09,Delhi,Bangalore,MUM-DEL,112,24.54
2024-01-10,Bangalore,Chennai,BLR-CHN,230,92.15
2024-01-10,Chennai,Hyderabad,BLR-HYD,116,48.59
2024-01-10,Hyderabad,Mumbai,BLR-MUM,183,51.68
2024-01-10,Mumbai,Delhi,CHN-HYD,114,38.95
2024-01-10,Delhi,Bangalore,MUM-DEL,180,88.47
2024-01-11,Bangalore,Chennai,BLR-CHN,210,89.93
2024-01-11,Chennai,Hyderabad,BLR-HYD,221,76.94
2024-01-11,Hyderabad,Mumbai,BLR-MUM,216,89.25
2024-01-11,Mumbai,Delhi,CHN-HYD,169,35.09
2024-01-11,Delhi,Bangalore,MUM-DEL,142,66.56
2024-01-12,Bangalore,Chennai,BLR-CHN,131,48.34
2024-01-12,Chennai,Hyderabad,BLR-HYD,211,99.65
2024-01-12,Hyderabad,Mumbai,BLR-MUM,230,87.7
2024-01-12,Mumbai,Delhi,CHN-HYD,222,94.72
2024-01-12,Delhi,Bangalore,MUM-DEL,115,55.53
2024-01-13,Bangalore,Chennai,BLR-CHN,150,43.04
2024-01-13,Chennai,Hyderabad,BLR-HYD,165,76.58
2024-01-13,Hyderabad,Mumbai,BLR-MUM,249,110.17
2024-01-13,Mumbai,Delhi,CHN-HYD,213,71.77
2024-01-13,Delhi,Bangalore,MUM-DEL,187,47.87
2024-01-14,Bangalore,Chennai,BLR-CHN,109,50.68
2024-01-14,Chennai,Hyderabad,BLR-HYD,207,91.54
2024-01-14,Hyderabad,Mumbai,BLR-MUM,171,52.48
2024-01-14,Mumbai,Delhi,CHN-HYD,208,55.82
2024-01-14,Delhi,Bangalore,MUM-DEL,200,89.08
2024-01-15,Bangalore,Chennai,BLR-CHN,82,16.57
2024-01-15,Chennai,Hyderabad,BLR-HYD,234,76.1
2024-01-15,Hyderabad,Mumbai,BLR-MUM,244,99.49
2024-01-15,Mumbai,Delhi,CHN-HYD,231,111.54
2024-01-15,Delhi,Bangalore,MUM-DEL,197,52.33
2024-01-16,Bangalore,Chennai,BLR-CHN,192,42.14
2024-01-16,Chennai,Hyderabad,BLR-HYD,131,35.9
2024-01-16,Hyderabad,Mumbai,BLR-MUM,118,41.2
2024-01-16,Mumbai,Delhi,CHN-HYD,192,46.93
2024-01-16,Delhi,Bangalore,MUM-DEL,160,44.81
2024-01-17,Bangalore,Chennai,BLR-CHN,81,28.42
2024-01-17,Chennai,Hyderabad,BLR-HYD,133,27.92
2024-01-17,Hyderabad,Mumbai,BLR-MUM,208,56.55
2024-01-17,Mumbai,Delhi,CHN-HYD,209,75.09
2024-01-17,Delhi,Bangalore,MUM-DEL,239,87.44
2024-01-18,Bangalore,Chennai,BLR-CHN,147,32.97
2024-01-18,Chennai,Hyderabad,BLR-HYD,202,55.07
2024-01-18,Hyderabad,Mumbai,BLR-MUM,117,36.31
2024-01-18,Mumbai,Delhi,CHN-HYD,195,96.53
2024-01-18,Delhi,Bangalore,MUM-DEL,218,96.99
2024-01-19,Bangalore,Chennai,BLR-CHN,223,100.48
2024-01-19,Chennai,Hyderabad,BLR-HYD,203,71.55
2024-01-19,Hyderabad,Mumbai,BLR-MUM,172,78.69
2024-01-19,Mumbai,Delhi,CHN-HYD,243,49.81
2024-01-19,Delhi,Bangalore,MUM-DEL,226,68.84
2024-01-20,Bangalore,Chennai,BLR-CHN,131,63.16
2024-01-20,Chennai,Hyderabad,BLR-HYD,247,78.06
2024-01-20,Hyderabad,Mumbai,BLR-MUM,161,72.66
2024-01-20,Mumbai,Delhi,CHN-HYD,90,27.21
2024-01-20,Delhi,Bangalore,MUM-DEL,230,83.36
2024-01-21,Bangalore,Chennai,BLR-CHN,121,33.56
2024-01-21,Chennai,Hyderabad,BLR-HYD,223,99.27
2024-01-21,Hyderabad,Mumbai,BLR-MUM,139,38.68
2024-01-21,Mumbai,Delhi,CHN-HYD,208,47.41
2024-01-21,Delhi,Bangalore,MUM-DEL,219,80.48
2024-01-22,Bangalore,Chennai,BLR-CHN,239,93.19
2024-01-22,Chennai,Hyderabad,BLR-HYD,88,24.96
2024-01-22,Hyderabad,Mumbai,BLR-MUM,226,94.42
2024-01-22,Mumbai,Delhi,CHN-HYD,210,95.95
2024-01-22,Delhi,Bangalore,MUM-DEL,133,57.72
2024-01-23,Bangalore,Chennai,BLR-CHN,231,105.17
2024-01-23,Chennai,Hyderabad,BLR-HYD,192,47.71
2024-01-23,Hyderabad,Mumbai,BLR-MUM,245,98.17
2024-01-23,Mumbai,Delhi,CHN-HYD,191,44.01
2024-01-23,Delhi,Bangalore,MUM-DEL,178,87.59
2024-01-24,Bangalore,Chennai,BLR-CHN,225,55.85
2024-01-24,Chennai,Hyderabad,BLR-HYD,161,55.66
2024-01-24,Hyderabad,Mumbai,BLR-MUM,242,95.73
2024-01-24,Mumbai,Delhi,CHN-HYD,248,62.69
2024-01-24,Delhi,Bangalore,MUM-DEL,147,39.86
2024-01-25,Bangalore,Chennai,BLR-CHN,100,25.36
2024-01-25,Chennai,Hyderabad,BLR-HYD,207,87.61
2024-01-25,Hyderabad,Mumbai,BLR-MUM,224,65.5
2024-01-25,Mumbai,Delhi,CHN-HYD,194,75.83
2024-01-25,Delhi,Bangalore,MUM-DEL,101,27.59
2024-01-26,Bangalore,Chennai,BLR-CHN,117,57.76
2024-01-26,Chennai,Hyderabad,BLR-HYD,130,60.79
2024-01-26,Hyderabad,Mumbai,BLR-MUM,106,35.01
2024-01-26,Mumbai,Delhi,CHN-HYD,100,35.08
2024-01-26,Delhi,Bangalore,MUM-DEL,107,42.87
2024-01-27,Bangalore,Chennai,BLR-CHN,140,48.97
2024-01-27,Chennai,Hyderabad,BLR-HYD,83,17.21
2024-01-27,Hyderabad,Mumbai,BLR-MUM,128,27.27
2024-01-27,Mumbai,Delhi,CHN-HYD,237,115.22
2024-01-27,Delhi,Bangalore,MUM-DEL,196,91.15
2024-01-28,Bangalore,Chennai,BLR-CHN,203,41.54
2024-01-28,Chennai,Hyderabad,BLR-HYD,103,30.82
2024-01-28,Hyderabad,Mumbai,BLR-MUM,125,61.25
2024-01-28,Mumbai,Delhi,CHN-HYD,178,87.95
2024-01-28,Delhi,Bangalore,MUM-DEL,195,56.23
2024-01-29,Bangalore,Chennai,BLR-CHN,239,108.83
2024-01-29,Chennai,Hyderabad,BLR-HYD,146,36.62
2024-01-29,Hyderabad,Mumbai,BLR-MUM,104,33.11
2024-01-29,Mumbai,Delhi,CHN-HYD,133,54.37
2024-01-29,Delhi,Bangalore,MUM-DEL,183,40.47
2024-01-30,Bangalore,Chennai,BLR-CHN,193,74.21
2024-01-30,Chennai,Hyderabad,BLR-HYD,165,50.75
2024-01-30,Hyderabad,Mumbai,BLR-MUM,206,73.23
2024-01-30,Mumbai,Delhi,CHN-HYD,209,62.02
2024-01-30,Delhi,Bangalore,MUM-DEL,183,74.87
2024-01-31,Bangalore,Chennai,BLR-CHN,122,50.35
2024-01-31,Chennai,Hyderabad,BLR-HYD,118,33.99
2024-01-31,Hyderabad,Mumbai,BLR-MUM,105,46.52
2024-01-31,Mumbai,Delhi,CHN-HYD,232,88.96
2024-01-31,Delhi,Bangalore,MUM-DEL,139,49.12
2024-02-01,Bangalore,Chennai,BLR-CHN,136,52.82
2024-02-01,Chennai,Hyderabad,BLR-HYD,99,39.1
2024-02-01,Hyderabad,Mumbai,BLR-MUM,223,48.0
2024-02-01,Mumbai,Delhi,CHN-HYD,194,58.47
2024-02-01,Delhi,Bangalore,MUM-DEL,171,63.9
2024-02-02,Bangalore,Chennai,BLR-CHN,111,41.46
2024-02-02,Chennai,Hyderabad,BLR-HYD,165,49.24
2024-02-02,Hyderabad,Mumbai,BLR-MUM,142,70.23
2024-02-02,Mumbai,Delhi,CHN-HYD,229,86.39
2024-02-02,Delhi,Bangalore,MUM-DEL,165,45.39
2024-02-03,Bangalore,Chennai,BLR-CHN,249,111.25
2024-02-03,Chennai,Hyderabad,BLR-HYD,133,48.03
2024-02-03,Hyderabad,Mumbai,BLR-MUM,180,64.2
2024-02-03,Mumbai,Delhi,CHN-HYD,132,37.15
2024-02-03,Delhi,Bangalore,MUM-DEL,187,72.34
2024-02-04,Bangalore,Chennai,BLR-CHN,85,18.32
2024-02-04,Chennai,Hyderabad,BLR-HYD,195,63.06
2024-02-04,Hyderabad,Mumbai,BLR-MUM,178,69.64
2024-02-04,Mumbai,Delhi,CHN-HYD,131,31.42
2024-02-04,Delhi,Bangalore,MUM-DEL,193,68.49
2024-02-05,Bangalore,Chennai,BLR-CHN,237,50.32
2024-02-05,Chennai,Hyderabad,BLR-HYD,199,55.97
2024-02-05,Hyderabad,Mumbai,BLR-MUM,171,72.37
2024-02-05,Mumbai,Delhi,CHN-HYD,169,35.09
2024-02-05,Delhi,Bangalore,MUM-DEL,196,43.96
2024-02-06,Bangalore,Chennai,BLR-CHN,206,84.21
2024-02-06,Chennai,Hyderabad,BLR-HYD,208,52.41
2024-02-06,Hyderabad,Mumbai,BLR-MUM,80,26.62
2024-02-06,Mumbai,Delhi,CHN-HYD,175,63.83
2024-02-06,Delhi,Bangalore,MUM-DEL,127,32.37
2024-02-07,Bangalore,Chennai,BLR-CHN,196,76.73
2024-02-07,Chennai,Hyderabad,BLR-HYD,148,56.76
2024-02-07,Hyderabad,Mumbai,BLR-MUM,155,57.32
2024-02-07,Mumbai,Delhi,CHN-HYD,165,33.71
2024-02-07,Delhi,Bangalore,MUM-DEL,148,33.78
2024-02-08,Bangalore,Chennai,BLR-CHN,173,79.0
2024-02-08,Chennai,Hyderabad,BLR-HYD,223,51.15
2024-02-08,Hyderabad,Mumbai,BLR-MUM,164,56.09
2024-02-08,Mumbai,Delhi,CHN-HYD,112,38.01
2024-02-08,Delhi,Bangalore,MUM-DEL,180,57.52
2024-02-09,Bangalore,Chennai,BLR-CHN,89,43.14
2024-02-09,Chennai,Hyderabad,BLR-HYD,179,38.23
2024-02-09,Hyderabad,Mumbai,BLR-MUM,217,84.14
2024-02-09,Mumbai,Delhi,CHN-HYD,175,79.97
2024-02-09,Delhi,Bangalore,MUM-DEL,148,59.97
2024-02-10,Bangalore,Chennai,BLR-CHN,95,21.01
2024-02-10,Chennai,Hyderabad,BLR-HYD,81,16.84
2024-02-10,Hyderabad,Mumbai,BLR-MUM,207,80.92
2024-02-10,Mumbai,Delhi,CHN-HYD,163,60.74
2024-02-10,Delhi,Bangalore,MUM-DEL,242,95.1
2024-02-11,Bangalore,Chennai,BLR-CHN,240,106.41
2024-02-11,Chennai,Hyderabad,BLR-HYD,180,69.8
2024-02-11,Hyderabad,Mumbai,BLR-MUM,144,70.32
2024-02-11,Mumbai,Delhi,CHN-HYD,153,40.09
2024-02-11,Delhi,Bangalore,MUM-DEL,108,23.85
2024-02-12,Bangalore,Chennai,BLR-CHN,174,54.49
2024-02-12,Chennai,Hyderabad,BLR-HYD,114,34.31
2024-02-12,Hyderabad,Mumbai,BLR-MUM,169,49.97
2024-02-12,Mumbai,Delhi,CHN-HYD,233,94.24
2024-02-12,Delhi,Bangalore,MUM-DEL,241,67.05
2024-02-13,Bangalore,Chennai,BLR-CHN,214,50.39
2024-02-13,Chennai,Hyderabad,BLR-HYD,193,75.02
2024-02-13,Hyderabad,Mumbai,BLR-MUM,236,49.97
2024-02-13,Mumbai,Delhi,CHN-HYD,100,49.03
2024-02-13,Delhi,Bangalore,MUM-DEL,243,61.54
2024-02-14,Bangalore,Chennai,BLR-CHN,231,102.11
2024-02-14,Chennai,Hyderabad,BLR-HYD,178,57.63
2024-02-14,Hyderabad,Mumbai,BLR-MUM,175,52.89
2024-02-14,Mumbai,Delhi,CHN-HYD,116,31.5
2024-02-14,Delhi,Bangalore,MUM-DEL,92,38.82
2024-02-15,Bangalore,Chennai,BLR-CHN,178,41.11
2024-02-15,Chennai,Hyderabad,BLR-HYD,96,34.59
2024-02-15,Hyderabad,Mumbai,BLR-MUM,163,73.01
2024-02-15,Mumbai,Delhi,CHN-HYD,165,47.73
2024-02-15,Delhi,Bangalore,MUM-DEL,98,31.04
2024-02-16,Bangalore,Chennai,BLR-CHN,219,106.78
2024-02-16,Chennai,Hyderabad,BLR-HYD,226,51.39
2024-02-16,Hyderabad,Mumbai,BLR-MUM,107,51.9
2024-02-16,Mumbai,Delhi,CHN-HYD,207,71.36
2024-02-16,Delhi,Bangalore,MUM-DEL,190,42.75
2024-02-17,Bangalore,Chennai,BLR-CHN,148,42.62
2024-02-17,Chennai,Hyderabad,BLR-HYD,104,38.08
2024-02-17,Hyderabad,Mumbai,BLR-MUM,132,57.75
2024-02-17,Mumbai,Delhi,CHN-HYD,136,31.83
2024-02-17,Delhi,Bangalore,MUM-DEL,121,59.57
2024-02-18,Bangalore,Chennai,BLR-CHN,221,80.63
2024-02-18,Chennai,Hyderabad,BLR-HYD,212,89.28
2024-02-18,Hyderabad,Mumbai,BLR-MUM,154,36.21
2024-02-18,Mumbai,Delhi,CHN-HYD,155,62.99
2024-02-18,Delhi,Bangalore,MUM-DEL,224,51.6
2024-02-19,Bangalore,Chennai,BLR-CHN,86,28.19
2024-02-19,Chennai,Hyderabad,BLR-HYD,247,54.79
2024-02-19,Hyderabad,Mumbai,BLR-MUM,106,43.66
2024-02-19,Mumbai,Delhi,CHN-HYD,84,29.74
2024-02-19,Delhi,Bangalore,MUM-DEL,245,121.52
2024-02-20,Bangalore,Chennai,BLR-CHN,188,58.5
2024-02-20,Chennai,Hyderabad,BLR-HYD,224,108.46
2024-02-20,Hyderabad,Mumbai,BLR-MUM,124,52.83
2024-02-20,Mumbai,Delhi,CHN-HYD,149,61.46
2024-02-20,Delhi,Bangalore,MUM-DEL,98,42.45
2024-02-21,Bangalore,Chennai,BLR-CHN,246,80.51
2024-02-21,Chennai,Hyderabad,BLR-HYD,169,50.54
2024-02-21,Hyderabad,Mumbai,BLR-MUM,205,71.3
2024-02-21,Mumbai,Delhi,CHN-HYD,220,70.74
2024-02-21,Delhi,Bangalore,MUM-DEL,205,44.46
2024-02-22,Bangalore,Chennai,BLR-CHN,140,62.56
2024-02-22,Chennai,Hyderabad,BLR-HYD,246,104.26
2024-02-22,Hyderabad,Mumbai,BLR-MUM,171,83.56
2024-02-22,Mumbai,Delhi,CHN-HYD,192,43.17
2024-02-22,Delhi,Bangalore,MUM-DEL,240,64.1
2024-02-23,Bangalore,Chennai,BLR-CHN,213,93.85
2024-02-23,Chennai,Hyderabad,BLR-HYD,239,87.67
2024-02-23,Hyderabad,Mumbai,BLR-MUM,126,58.89
2024-02-23,Mumbai,Delhi,CHN-HYD,197,94.05
2024-02-23,Delhi,Bangalore,MUM-DEL,243,88.98
2024-02-24,Bangalore,Chennai,BLR-CHN,99,22.04
2024-02-24,Chennai,Hyderabad,BLR-HYD,126,48.99
2024-02-24,Hyderabad,Mumbai,BLR-MUM,93,26.82
2024-02-24,Mumbai,Delhi,CHN-HYD,80,31.06
2024-02-24,Delhi,Bangalore,MUM-DEL,197,62.11
2024-02-25,Bangalore,Chennai,BLR-CHN,91,44.37
2024-02-25,Chennai,Hyderabad,BLR-HYD,95,44.37
2024-02-25,Hyderabad,Mumbai,BLR-MUM,231,89.18
2024-02-25,Mumbai,Delhi,CHN-HYD,87,21.83
2024-02-25,Delhi,Bangalore,MUM-DEL,243,82.4
2024-02-26,Bangalore,Chennai,BLR-CHN,139,52.14
2024-02-26,Chennai,Hyderabad,BLR-HYD,180,88.62
2024-02-26,Hyderabad,Mumbai,BLR-MUM,234,95.81
2024-02-26,Mumbai,Delhi,CHN-HYD,224,63.6
2024-02-26,Delhi,Bangalore,MUM-DEL,236,56.63
2024-02-27,Bangalore,Chennai,BLR-CHN,114,50.93
2024-02-27,Chennai,Hyderabad,BLR-HYD,161,52.32
2024-02-27,Hyderabad,Mumbai,BLR-MUM,126,59.94
2024-02-27,Mumbai,Delhi,CHN-HYD,89,42.7
2024-02-27,Delhi,Bangalore,MUM-DEL,188,46.9
2024-02-28,Bangalore,Chennai,BLR-CHN,112,48.53
2024-02-28,Chennai,Hyderabad,BLR-HYD,225,111.64
2024-02-28,Hyderabad,Mumbai,BLR-MUM,90,34.04
2024-02-28,Mumbai,Delhi,CHN-HYD,142,45.14
2024-02-28,Delhi,Bangalore,MUM-DEL,138,62.46
2024-02-29,Bangalore,Chennai,BLR-CHN,240,81.75
2024-02-29,Chennai,Hyderabad,BLR-HYD,178,42.75
2024-02-29,Hyderabad,Mumbai,BLR-MUM,228,49.46
2024-02-29,Mumbai,Delhi,CHN-HYD,85,34.64
2024-02-29,Delhi,Bangalore,MUM-DEL,174,73.95
2024-03-01,Bangalore,Chennai,BLR-CHN,82,30.06
2024-03-01,Chennai,Hyderabad,BLR-HYD,132,63.81
2024-03-01,Hyderabad,Mumbai,BLR-MUM,162,44.42
2024-03-01,Mumbai,Delhi,CHN-HYD,157,41.06
2024-03-01,Delhi,Bangalore,MUM-DEL,80,38.9
2024-03-02,Bangalore,Chennai,BLR-CHN,83,22.29
2024-03-02,Chennai,Hyderabad,BLR-HYD,192,82.0
2024-03-02,Hyderabad,Mumbai,BLR-MUM,113,34.74
2024-03-02,Mumbai,Delhi,CHN-HYD,151,31.2
2024-03-02,Delhi,Bangalore,MUM-DEL,241,82.63
2024-03-03,Bangalore,Chennai,BLR-CHN,82,29.2
2024-03-03,Chennai,Hyderabad,BLR-HYD,91,40.49
2024-03-03,Hyderabad,Mumbai,BLR-MUM,212,48.02
2024-03-03,Mumbai,Delhi,CHN-HYD,136,51.27
2024-03-03,Delhi,Bangalore,MUM-DEL,126,41.1
2024-03-04,Bangalore,Chennai,BLR-CHN,164,64.26
2024-03-04,Chennai,Hyderabad,BLR-HYD,154,40.64
2024-03-04,Hyderabad,Mumbai,BLR-MUM,245,94.37
2024-03-04,Mumbai,Delhi,CHN-HYD,117,44.74
2024-03-04,Delhi,Bangalore,MUM-DEL,161,51.15
2024-03-05,Bangalore,Chennai,BLR-CHN,170,38.64
2024-03-05,Chennai,Hyderabad,BLR-HYD,131,47.71
2024-03-05,Hyderabad,Mumbai,BLR-MUM,158,50.4
2024-03-05,Mumbai,Delhi,CHN-HYD,185,84.86
2024-03-05,Delhi,Bangalore,MUM-DEL,212,93.06
2024-03-06,Bangalore,Chennai,BLR-CHN,217,103.72
2024-03-06,Chennai,Hyderabad,BLR-HYD,153,65.89
2024-03-06,Hyderabad,Mumbai,BLR-MUM,163,55.05
2024-03-06,Mumbai,Delhi,CHN-HYD,113,43.65
2024-03-06,Delhi,Bangalore,MUM-DEL,205,79.95
2024-03-07,Bangalore,Chennai,BLR-CHN,194,70.07
2024-03-07,Chennai,Hyderabad,BLR-HYD,230,54.84
2024-03-07,Hyderabad,Mumbai,BLR-MUM,174,55.7
2024-03-07,Mumbai,Delhi,CHN-HYD,223,87.47
2024-03-07,Delhi,Bangalore,MUM-DEL,183,74.84
2024-03-08,Bangalore,Chennai,BLR-CHN,104,48.78
2024-03-08,Chennai,Hyderabad,BLR-HYD,234,93.66
2024-03-08,Hyderabad,Mumbai,BLR-MUM,140,36.08
2024-03-08,Mumbai,Delhi,CHN-HYD,226,100.92
2024-03-08,Delhi,Bangalore,MUM-DEL,171,52.03
2024-03-09,Bangalore,Chennai,BLR-CHN,101,22.89
2024-03-09,Chennai,Hyderabad,BLR-HYD,80,28.83
2024-03-09,Hyderabad,Mumbai,BLR-MUM,91,23.83
2024-03-09,Mumbai,Delhi,CHN-HYD,113,26.96
2024-03-09,Delhi,Bangalore,MUM-DEL,124,36.76
2024-03-10,Bangalore,Chennai,BLR-CHN,105,46.18
2024-03-10,Chennai,Hyderabad,BLR-HYD,200,81.27
2024-03-10,Hyderabad,Mumbai,BLR-MUM,135,62.38
2024-03-10,Mumbai,Delhi,CHN-HYD,142,44.47
2024-03-10,Delhi,Bangalore,MUM-DEL,160,45.29
2024-03-11,Bangalore,Chennai,BLR-CHN,80,18.03
2024-03-11,Chennai,Hyderabad,BLR-HYD,178,45.45
2024-03-11,Hyderabad,Mumbai,BLR-MUM,126,39.2
2024-03-11,Mumbai,Delhi,CHN-HYD,93,35.85
2024-03-11,Delhi,Bangalore,MUM-DEL,157,53.19
2024-03-12,Bangalore,Chennai,BLR-CHN,188,41.12
2024-03-12,Chennai,Hyderabad,BLR-HYD,135,32.39
2024-03-12,Hyderabad,Mumbai,BLR-MUM,82,38.42
2024-03-12,Mumbai,Delhi,CHN-HYD,186,66.89
2024-03-12,Delhi,Bangalore,MUM-DEL,97,32.42
2024-03-13,Bangalore,Chennai,BLR-CHN,194,52.91
2024-03-13,Chennai,Hyderabad,BLR-HYD,198,62.01
2024-03-13,Hyderabad,Mumbai,BLR-MUM,118,35.0
2024-03-13,Mumbai,Delhi,CHN-HYD,165,49.21
2024-03-13,Delhi,Bangalore,MUM-DEL,123,33.21
2024-03-14,Bangalore,Chennai,BLR-CHN,92,34.78
2024-03-14,Chennai,Hyderabad,BLR-HYD,147,45.06
2024-03-14,Hyderabad,Mumbai,BLR-MUM,188,64.65
2024-03-14,Mumbai,Delhi,CHN-HYD,190,80.0
2024-03-14,Delhi,Bangalore,MUM-DEL,190,80.49
2024-03-15,Bangalore,Chennai,BLR-CHN,192,70.91
2024-03-15,Chennai,Hyderabad,BLR-HYD,121,34.5
2024-03-15,Hyderabad,Mumbai,BLR-MUM,85,39.94
2024-03-15,Mumbai,Delhi,CHN-HYD,143,53.09
2024-03-15,Delhi,Bangalore,MUM-DEL,138,68.44
2024-03-16,Bangalore,Chennai,BLR-CHN,200,54.23
2024-03-16,Chennai,Hyderabad,BLR-HYD,229,61.28
2024-03-16,Hyderabad,Mumbai,BLR-MUM,149,40.79
2024-03-16,Mumbai,Delhi,CHN-HYD,83,37.79
2024-03-16,Delhi,Bangalore,MUM-DEL,141,62.29
2024-03-17,Bangalore,Chennai,BLR-CHN,231,108.35
2024-03-17,Chennai,Hyderabad,BLR-HYD,210,75.04
2024-03-17,Hyderabad,Mumbai,BLR-MUM,119,48.68
2024-03-17,Mumbai,Delhi,CHN-HYD,231,53.96
2024-03-17,Delhi,Bangalore,MUM-DEL,145,54.06
2024-03-18,Bangalore,Chennai,BLR-CHN,154,70.79
2024-03-18,Chennai,Hyderabad,BLR-HYD,213,104.91
2024-03-18,Hyderabad,Mumbai,BLR-MUM,173,43.47
2024-03-18,Mumbai,Delhi,CHN-HYD,141,67.51
2024-03-18,Delhi,Bangalore,MUM-DEL,158,56.96
2024-03-19,Bangalore,Chennai,BLR-CHN,105,29.82
2024-03-19,Chennai,Hyderabad,BLR-HYD,123,32.17
2024-03-19,Hyderabad,Mumbai,BLR-MUM,233,69.23
2024-03-19,Mumbai,Delhi,CHN-HYD,98,25.47
2024-03-19,Delhi,Bangalore,MUM-DEL,99,27.0
2024-03-20,Bangalore,Chennai,BLR-CHN,126,51.93
2024-03-20,Chennai,Hyderabad,BLR-HYD,221,63.34
2024-03-20,Hyderabad,Mumbai,BLR-MUM,116,40.81
2024-03-20,Mumbai,Delhi,CHN-HYD,179,53.02
2024-03-20,Delhi,Bangalore,MUM-DEL,82,17.67
2024-03-21,Bangalore,Chennai,BLR-CHN,89,32.45
2024-03-21,Chennai,Hyderabad,BLR-HYD,217,107.85
2024-03-21,Hyderabad,Mumbai,BLR-MUM,92,37.29
2024-03-21,Mumbai,Delhi,CHN-HYD,163,45.05
2024-03-21,Delhi,Bangalore,MUM-DEL,180,36.15
2024-03-22,Bangalore,Chennai,BLR-CHN,88,33.32
2024-03-22,Chennai,Hyderabad,BLR-HYD,231,88.2
2024-03-22,Hyderabad,Mumbai,BLR-MUM,242,73.73
2024-03-22,Mumbai,Delhi,CHN-HYD,128,58.27
2024-03-22,Delhi,Bangalore,MUM-DEL,157,75.34
2024-03-23,Bangalore,Chennai,BLR-CHN,216,56.48
2024-03-23,Chennai,Hyderabad,BLR-HYD,114,54.48
2024-03-23,Hyderabad,Mumbai,BLR-MUM,143,53.24
2024-03-23,Mumbai,Delhi,CHN-HYD,143,62.13
2024-03-23,Delhi,Bangalore,MUM-DEL,90,39.47
2024-03-24,Bangalore,Chennai,BLR-CHN,93,40.91
2024-03-24,Chennai,Hyderabad,BLR-HYD,114,28.42
2024-03-24,Hyderabad,Mumbai,BLR-MUM,84,22.74
2024-03-24,Mumbai,Delhi,CHN-HYD,157,56.04
2024-03-24,Delhi,Bangalore,MUM-DEL,211,62.22
2024-03-25,Bangalore,Chennai,BLR-CHN,121,38.45
2024-03-25,Chennai,Hyderabad,BLR-HYD,119,39.93
2024-03-25,Hyderabad,Mumbai,BLR-MUM,183,57.29
2024-03-25,Mumbai,Delhi,CHN-HYD,204,59.24
2024-03-25,Delhi,Bangalore,MUM-DEL,102,33.83
2024-03-26,Bangalore,Chennai,BLR-CHN,232,71.13
2024-03-26,Chennai,Hyderabad,BLR-HYD,132,62.3
2024-03-26,Hyderabad,Mumbai,BLR-MUM,118,27.74
2024-03-26,Mumbai,Delhi,CHN-HYD,213,63.87
2024-03-26,Delhi,Bangalore,MUM-DEL,121,29.26
2024-03-27,Bangalore,Chennai,BLR-CHN,94,43.58
2024-03-27,Chennai,Hyderabad,BLR-HYD,112,40.32
2024-03-27,Hyderabad,Mumbai,BLR-MUM,234,102.16
2024-03-27,Mumbai,Delhi,CHN-HYD,117,49.81
2024-03-27,Delhi,Bangalore,MUM-DEL,234,99.03
2024-03-28,Bangalore,Chennai,BLR-CHN,165,68.35
2024-03-28,Chennai,Hyderabad,BLR-HYD,84,38.89
2024-03-28,Hyderabad,Mumbai,BLR-MUM,176,40.63
2024-03-28,Mumbai,Delhi,CHN-HYD,220,51.3
2024-03-28,Delhi,Bangalore,MUM-DEL,188,44.79
2024-03-29,Bangalore,Chennai,BLR-CHN,94,41.28
2024-03-29,Chennai,Hyderabad,BLR-HYD,84,29.06
2024-03-29,Hyderabad,Mumbai,BLR-MUM,147,61.25
2024-03-29,Mumbai,Delhi,CHN-HYD,209,42.57
2024-03-29,Delhi,Bangalore,MUM-DEL,194,79.19
2024-03-30,Bangalore,Chennai,BLR-CHN,115,47.71
2024-03-30,Chennai,Hyderabad,BLR-HYD,106,32.19
2024-03-30,Hyderabad,Mumbai,BLR-MUM,90,43.9
2024-03-30,Mumbai,Delhi,CHN-HYD,183,68.63
2024-03-30,Delhi,Bangalore,MUM-DEL,102,34.54
2024-03-31,Bangalore,Chennai,BLR-CHN,125,48.06
2024-03-31,Chennai,Hyderabad,BLR-HYD,220,53.18
2024-03-31,Hyderabad,Mumbai,BLR-MUM,190,79.39
2024-03-31,Mumbai,Delhi,CHN-HYD,179,85.14
2024-03-31,Delhi,Bangalore,MUM-DEL,212,101.07
2024-04-01,Bangalore,Chennai,BLR-CHN,151,59.71
2024-04-01,Chennai,Hyderabad,BLR-HYD,171,53.41
2024-04-01,Hyderabad,Mumbai,BLR-MUM,216,70.68
2024-04-01,Mumbai,Delhi,CHN-HYD,108,24.98
2024-04-01,Delhi,Bangalore,MUM-DEL,120,57.32
2024-04-02,Bangalore,Chennai,BLR-CHN,230,54.47
2024-04-02,Chennai,Hyderabad,BLR-HYD,180,89.18
2024-04-02,Hyderabad,Mumbai,BLR-MUM,189,48.36
2024-04-02,Mumbai,Delhi,CHN-HYD,136,40.75
2024-04-02,Delhi,Bangalore,MUM-DEL,134,35.94
2024-04-03,Bangalore,Chennai,BLR-CHN,222,70.97
2024-04-03,Chennai,Hyderabad,BLR-HYD,132,39.67
2024-04-03,Hyderabad,Mumbai,BLR-MUM,136,27.39
2024-04-03,Mumbai,Delhi,CHN-HYD,248,58.1
2024-04-03,Delhi,Bangalore,MUM-DEL,104,47.74
2024-04-04,Bangalore,Chennai,BLR-CHN,117,35.56
2024-04-04,Chennai,Hyderabad,BLR-HYD,241,114.6
2024-04-04,Hyderabad,Mumbai,BLR-MUM,207,55.35
2024-04-04,Mumbai,Delhi,CHN-HYD,187,88.61
2024-04-04,Delhi,Bangalore,MUM-DEL,231,86.23
2024-04-05,Bangalore,Chennai,BLR-CHN,167,49.0
2024-04-05,Chennai,Hyderabad,BLR-HYD,108,40.41
2024-04-05,Hyderabad,Mumbai,BLR-MUM,229,60.92
2024-04-05,Mumbai,Delhi,CHN-HYD,193,77.02
2024-04-05,Delhi,Bangalore,MUM-DEL,160,78.13
2024-04-06,Bangalore,Chennai,BLR-CHN,227,73.64
2024-04-06,Chennai,Hyderabad,BLR-HYD,142,70.87
2024-04-06,Hyderabad,Mumbai,BLR-MUM,128,37.1
2024-04-06,Mumbai,Delhi,CHN-HYD,220,70.22
2024-04-06,Delhi,Bangalore,MUM-DEL,202,88.87
2024-04-07,Bangalore,Chennai,BLR-CHN,141,36.88
2024-04-07,Chennai,Hyderabad,BLR-HYD,108,41.85
2024-04-07,Hyderabad,Mumbai,BLR-MUM,109,49.16
2024-04-07,Mumbai,Delhi,CHN-HYD,98,21.53
2024-04-07,Delhi,Bangalore,MUM-DEL,157,65.03
2024-04-08,Bangalore,Chennai,BLR-CHN,192,61.48
2024-04-08,Chennai,Hyderabad,BLR-HYD,245,105.25
2024-04-08,Hyderabad,Mumbai,BLR-MUM,211,53.72
2024-04-08,Mumbai,Delhi,CHN-HYD,236,52.55
2024-04-08,Delhi,Bangalore,MUM-DEL,210,65.52
2024-04-09,Bangalore,Chennai,BLR-CHN,189,67.66
2024-04-09,Chennai,Hyderabad,BLR-HYD,166,81.95
2024-04-09,Hyderabad,Mumbai,BLR-MUM,111,46.04
2024-04-09,Mumbai,Delhi,CHN-HYD,172,55.45
2024-04-09,Delhi,Bangalore,MUM-DEL,136,36.26
2024-04-10,Bangalore,Chennai,BLR-CHN,151,34.92
2024-04-10,Chennai,Hyderabad,BLR-HYD,146,68.07
2024-04-10,Hyderabad,Mumbai,BLR-MUM,171,46.42
2024-04-10,Mumbai,Delhi,CHN-HYD,241,106.42
2024-04-10,Delhi,Bangalore,MUM-DEL,167,69.59
2024-04-11,Bangalore,Chennai,BLR-CHN,199,87.97
2024-04-11,Chennai,Hyderabad,BLR-HYD,223,71.17
2024-04-11,Hyderabad,Mumbai,BLR-MUM,244,59.13
2024-04-11,Mumbai,Delhi,CHN-HYD,221,63.64
2024-04-11,Delhi,Bangalore,MUM-DEL,86,33.54
2024-04-12,Bangalore,Chennai,BLR-CHN,240,62.97
2024-04-12,Chennai,Hyderabad,BLR-HYD,226,53.52
2024-04-12,Hyderabad,Mumbai,BLR-MUM,226,84.73
2024-04-12,Mumbai,Delhi,CHN-HYD,161,75.32
2024-04-12,Delhi,Bangalore,MUM-DEL,126,48.82
2024-04-13,Bangalore,Chennai,BLR-CHN,90,25.0
2024-04-13,Chennai,Hyderabad,BLR-HYD,209,64.56
2024-04-13,Hyderabad,Mumbai,BLR-MUM,198,55.52
2024-04-13,Mumbai,Delhi,CHN-HYD,84,25.5
2024-04-13,Delhi,Bangalore,MUM-DEL,216,71.46
2024-04-14,Bangalore,Chennai,BLR-CHN,178,86.25
2024-04-14,Chennai,Hyderabad,BLR-HYD,165,71.6
2024-04-14,Hyderabad,Mumbai,BLR-MUM,160,73.69
2024-04-14,Mumbai,Delhi,CHN-HYD,199,98.63
2024-04-14,Delhi,Bangalore,MUM-DEL,207,52.71
2024-04-15,Bangalore,Chennai,BLR-CHN,193,39.9
2024-04-15,Chennai,Hyderabad,BLR-HYD,93,39.29
2024-04-15,Hyderabad,Mumbai,BLR-MUM,104,28.85
2024-04-15,Mumbai,Delhi,CHN-HYD,101,45.5
2024-04-15,Delhi,Bangalore,MUM-DEL,83,19.89
2024-04-16,Bangalore,Chennai,BLR-CHN,108,27.16
2024-04-16,Chennai,Hyderabad,BLR-HYD,116,23.84
2024-04-16,Hyderabad,Mumbai,BLR-MUM,225,80.75
2024-04-16,Mumbai,Delhi,CHN-HYD,121,45.13
2024-04-16,Delhi,Bangalore,MUM-DEL,245,53.94
2024-04-17,Bangalore,Chennai,BLR-CHN,244,96.48
2024-04-17,Chennai,Hyderabad,BLR-HYD,201,83.63
2024-04-17,Hyderabad,Mumbai,BLR-MUM,196,39.85
2024-04-17,Mumbai,Delhi,CHN-HYD,106,49.82
2024-04-17,Delhi,Bangalore,MUM-DEL,213,89.39
2024-04-18,Bangalore,Chennai,BLR-CHN,177,67.29
2024-04-18,Chennai,Hyderabad,BLR-HYD,132,33.34
2024-04-18,Hyderabad,Mumbai,BLR-MUM,224,72.94
2024-04-18,Mumbai,Delhi,CHN-HYD,201,65.65
2024-04-18,Delhi,Bangalore,MUM-DEL,209,52.23
2024-04-19,Bangalore,Chennai,BLR-CHN,186,47.49
2024-04-19,Chennai,Hyderabad,BLR-HYD,115,49.6
2024-04-19,Hyderabad,Mumbai,BLR-MUM,108,34.21
2024-04-19,Mumbai,Delhi,CHN-HYD,119,39.41
2024-04-19,Delhi,Bangalore,MUM-DEL,243,101.02
2024-04-20,Bangalore,Chennai,BLR-CHN,118,45.21
2024-04-20,Chennai,Hyderabad,BLR-HYD,133,45.59
2024-04-20,Hyderabad,Mumbai,BLR-MUM,190,92.38
2024-04-20,Mumbai,Delhi,CHN-HYD,229,96.13
2024-04-20,Delhi,Bangalore,MUM-DEL,112,31.47
2024-04-21,Bangalore,Chennai,BLR-CHN,227,56.43
2024-04-21,Chennai,Hyderabad,BLR-HYD,160,55.83
2024-04-21,Hyderabad,Mumbai,BLR-MUM,188,46.32
2024-04-21,Mumbai,Delhi,CHN-HYD,233,79.75
2024-04-21,Delhi,Bangalore,MUM-DEL,152,33.83
2024-04-22,Bangalore,Chennai,BLR-CHN,96,31.09
2024-04-22,Chennai,Hyderabad,BLR-HYD,140,56.91
2024-04-22,Hyderabad,Mumbai,BLR-MUM,121,40.89
2024-04-22,Mumbai,Delhi,CHN-HYD,114,50.81
2024-04-22,Delhi,Bangalore,MUM-DEL,187,76.37
2024-04-23,Bangalore,Chennai,BLR-CHN,181,68.25
2024-04-23,Chennai,Hyderabad,BLR-HYD,98,28.85
2024-04-23,Hyderabad,Mumbai,BLR-MUM,128,30.85
2024-04-23,Mumbai,Delhi,CHN-HYD,153,62.3
2024-04-23,Delhi,Bangalore,MUM-DEL,126,28.48
2024-04-24,Bangalore,Chennai,BLR-CHN,159,73.44
2024-04-24,Chennai,Hyderabad,BLR-HYD,87,34.08
2024-04-24,Hyderabad,Mumbai,BLR-MUM,160,63.62
2024-04-24,Mumbai,Delhi,CHN-HYD,197,77.06
2024-04-24,Delhi,Bangalore,MUM-DEL,104,48.98
2024-04-25,Bangalore,Chennai,BLR-CHN,91,24.24
2024-04-25,Chennai,Hyderabad,BLR-HYD,233,50.21
2024-04-25,Hyderabad,Mumbai,BLR-MUM,105,22.24
2024-04-25,Mumbai,Delhi,CHN-HYD,89,33.51
2024-04-25,Delhi,Bangalore,MUM-DEL,224,56.93
2024-04-26,Bangalore,Chennai,BLR-CHN,165,78.32
2024-04-26,Chennai,Hyderabad,BLR-HYD,93,21.96
2024-04-26,Hyderabad,Mumbai,BLR-MUM,86,24.87
2024-04-26,Mumbai,Delhi,CHN-HYD,151,74.19
2024-04-26,Delhi,Bangalore,MUM-DEL,161,68.19
2024-04-27,Bangalore,Chennai,BLR-CHN,195,88.41
2024-04-27,Chennai,Hyderabad,BLR-HYD,225,80.26
2024-04-27,Hyderabad,Mumbai,BLR-MUM,182,38.42
2024-04-27,Mumbai,Delhi,CHN-HYD,238,73.64
2024-04-27,Delhi,Bangalore,MUM-DEL,187,44.16
2024-04-28,Bangalore,Chennai,BLR-CHN,177,82.39
2024-04-28,Chennai,Hyderabad,BLR-HYD,247,82.08
2024-04-28,Hyderabad,Mumbai,BLR-MUM,187,69.51
2024-04-28,Mumbai,Delhi,CHN-HYD,199,72.01
2024-04-28,Delhi,Bangalore,MUM-DEL,172,68.54
2024-04-29,Bangalore,Chennai,BLR-CHN,220,85.31
2024-04-29,Chennai,Hyderabad,BLR-HYD,95,31.16
2024-04-29,Hyderabad,Mumbai,BLR-MUM,187,50.47
2024-04-29,Mumbai,Delhi,CHN-HYD,134,45.37
2024-04-29,Delhi,Bangalore,MUM-DEL,113,23.32
2024-04-30,Bangalore,Chennai,BLR-CHN,92,33.0
2024-04-30,Chennai,Hyderabad,BLR-HYD,239,114.67
2024-04-30,Hyderabad,Mumbai,BLR-MUM,202,100.87
2024-04-30,Mumbai,Delhi,CHN-HYD,108,46.46
2024-04-30,Delhi,Bangalore,MUM-DEL,141,48.5
2024-05-01,Bangalore,Chennai,BLR-CHN,95,43.9
2024-05-01,Chennai,Hyderabad,BLR-HYD,200,86.1
2024-05-01,Hyderabad,Mumbai,BLR-MUM,232,69.81
2024-05-01,Mumbai,Delhi,CHN-HYD,163,68.67
2024-05-01,Delhi,Bangalore,MUM-DEL,82,27.9
2024-05-02,Bangalore,Chennai,BLR-CHN,199,56.95
2024-05-02,Chennai,Hyderabad,BLR-HYD,147,60.96
2024-05-02,Hyderabad,Mumbai,BLR-MUM,116,24.66
2024-05-02,Mumbai,Delhi,CHN-HYD,152,35.39
2024-05-02,Delhi,Bangalore,MUM-DEL,200,80.78
2024-05-03,Bangalore,Chennai,BLR-CHN,219,106.64
2024-05-03,Chennai,Hyderabad,BLR-HYD,116,50.56
2024-05-03,Hyderabad,Mumbai,BLR-MUM,203,66.03
2024-05-03,Mumbai,Delhi,CHN-HYD,142,68.65
2024-05-03,Delhi,Bangalore,MUM-DEL,90,42.4
2024-05-04,Bangalore,Chennai,BLR-CHN,232,98.14
2024-05-04,Chennai,Hyderabad,BLR-HYD,83,22.37
2024-05-04,Hyderabad,Mumbai,BLR-MUM,227,102.46
2024-05-04,Mumbai,Delhi,CHN-HYD,133,50.85
2024-05-04,Delhi,Bangalore,MUM-DEL,189,50.88
2024-05-05,Bangalore,Chennai,BLR-CHN,136,36.2
2024-05-05,Chennai,Hyderabad,BLR-HYD,82,36.72
2024-05-05,Hyderabad,Mumbai,BLR-MUM,84,18.26
2024-05-05,Mumbai,Delhi,CHN-HYD,126,33.38
2024-05-05,Delhi,Bangalore,MUM-DEL,88,42.09
2024-05-06,Bangalore,Chennai,BLR-CHN,201,71.86
2024-05-06,Chennai,Hyderabad,BLR-HYD,202,64.41
2024-05-06,Hyderabad,Mumbai,BLR-MUM,161,65.82
2024-05-06,Mumbai,Delhi,CHN-HYD,82,36.47
2024-05-06,Delhi,Bangalore,MUM-DEL,92,24.58
2024-05-07,Bangalore,Chennai,BLR-CHN,168,63.48
2024-05-07,Chennai,Hyderabad,BLR-HYD,221,101.23
2024-05-07,Hyderabad,Mumbai,BLR-MUM,90,41.69
2024-05-07,Mumbai,Delhi,CHN-HYD,146,41.16
2024-05-07,Delhi,Bangalore,MUM-DEL,108,50.4
2024-05-08,Bangalore,Chennai,BLR-CHN,232,105.71
2024-05-08,Chennai,Hyderabad,BLR-HYD,249,110.27
2024-05-08,Hyderabad,Mumbai,BLR-MUM,119,57.06
2024-05-08,Mumbai,Delhi,CHN-HYD,218,49.29
2024-05-08,Delhi,Bangalore,MUM-DEL,203,63.3
2024-05-09,Bangalore,Chennai,BLR-CHN,151,61.72
2024-05-09,Chennai,Hyderabad,BLR-HYD,169,60.8
2024-05-09,Hyderabad,Mumbai,BLR-MUM,116,30.86
2024-05-09,Mumbai,Delhi,CHN-HYD,107,23.84
2024-05-09,Delhi,Bangalore,MUM-DEL,160,34.95
2024-05-10,Bangalore,Chennai,BLR-CHN,124,42.68
2024-05-10,Chennai,Hyderabad,BLR-HYD,172,81.18
2024-05-10,Hyderabad,Mumbai,BLR-MUM,146,44.43
2024-05-10,Mumbai,Delhi,CHN-HYD,177,64.27
2024-05-10,Delhi,Bangalore,MUM-DEL,112,51.92
2024-05-11,Bangalore,Chennai,BLR-CHN,226,104.06
2024-05-11,Chennai,Hyderabad,BLR-HYD,171,77.83
2024-05-11,Hyderabad,Mumbai,BLR-MUM,138,34.24
2024-05-11,Mumbai,Delhi,CHN-HYD,92,41.5
2024-05-11,Delhi,Bangalore,MUM-DEL,168,80.48
2024-05-12,Bangalore,Chennai,BLR-CHN,179,69.02
2024-05-12,Chennai,Hyderabad,BLR-HYD,245,62.91
2024-05-12,Hyderabad,Mumbai,BLR-MUM,212,98.42
2024-05-12,Mumbai,Delhi,CHN-HYD,137,46.53
2024-05-12,Delhi,Bangalore,MUM-DEL,110,49.25
2024-05-13,Bangalore,Chennai,BLR-CHN,217,96.78
2024-05-13,Chennai,Hyderabad,BLR-HYD,237,112.01
2024-05-13,Hyderabad,Mumbai,BLR-MUM,161,71.71
2024-05-13,Mumbai,Delhi,CHN-HYD,156,54.95
2024-05-13,Delhi,Bangalore,MUM-DEL,118,30.44
2024-05-14,Bangalore,Chennai,BLR-CHN,92,35.43
2024-05-14,Chennai,Hyderabad,BLR-HYD,192,70.65
2024-05-14,Hyderabad,Mumbai,BLR-MUM,183,50.86
2024-05-14,Mumbai,Delhi,CHN-HYD,167,74.42
2024-05-14,Delhi,Bangalore,MUM-DEL,149,42.47
2024-05-15,Bangalore,Chennai,BLR-CHN,153,50.44
2024-05-15,Chennai,Hyderabad,BLR-HYD,142,45.11
2024-05-15,Hyderabad,Mumbai,BLR-MUM,158,75.78
2024-05-15,Mumbai,Delhi,CHN-HYD,101,48.6
2024-05-15,Delhi,Bangalore,MUM-DEL,175,75.47
2024-05-16,Bangalore,Chennai,BLR-CHN,147,42.67
2024-05-16,Chennai,Hyderabad,BLR-HYD,96,41.4
2024-05-16,Hyderabad,Mumbai,BLR-MUM,224,83.92
2024-05-16,Mumbai,Delhi,CHN-HYD,101,39.01
2024-05-16,Delhi,Bangalore,MUM-DEL,129,64.12
2024-05-17,Bangalore,Chennai,BLR-CHN,108,36.05
2024-05-17,Chennai,Hyderabad,BLR-HYD,204,64.28
2024-05-17,Hyderabad,Mumbai,BLR-MUM,108,22.32
2024-05-17,Mumbai,Delhi,CHN-HYD,213,66.36
2024-05-17,Delhi,Bangalore,MUM-DEL,239,103.04
2024-05-18,Bangalore,Chennai,BLR-CHN,137,27.44
2024-05-18,Chennai,Hyderabad,BLR-HYD,108,52.2
2024-05-18,Hyderabad,Mumbai,BLR-MUM,178,59.7
2024-05-18,Mumbai,Delhi,CHN-HYD,118,42.26
2024-05-18,Delhi,Bangalore,MUM-DEL,108,44.08
2024-05-19,Bangalore,Chennai,BLR-CHN,195,88.14
2024-05-19,Chennai,Hyderabad,BLR-HYD,163,64.61
2024-05-19,Hyderabad,Mumbai,BLR-MUM,106,48.8
2024-05-19,Mumbai,Delhi,CHN-HYD,205,50.29
2024-05-19,Delhi,Bangalore,MUM-DEL,171,71.71
2024-05-20,Bangalore,Chennai,BLR-CHN,126,41.07
2024-05-20,Chennai,Hyderabad,BLR-HYD,163,52.04
2024-05-20,Hyderabad,Mumbai,BLR-MUM,210,61.65
2024-05-20,Mumbai,Delhi,CHN-HYD,137,64.15
2024-05-20,Delhi,Bangalore,MUM-DEL,94,39.83
2024-05-21,Bangalore,Chennai,BLR-CHN,242,50.66
2024-05-21,Chennai,Hyderabad,BLR-HYD,104,43.11
2024-05-21,Hyderabad,Mumbai,BLR-MUM,97,44.55
2024-05-21,Mumbai,Delhi,CHN-HYD,106,51.99
2024-05-21,Delhi,Bangalore,MUM-DEL,224,50.93
2024-05-22,Bangalore,Chennai,BLR-CHN,87,37.52
2024-05-22,Chennai,Hyderabad,BLR-HYD,129,55.25
2024-05-22,Hyderabad,Mumbai,BLR-MUM,210,92.2
2024-05-22,Mumbai,Delhi,CHN-HYD,103,49.05
2024-05-22,Delhi,Bangalore,MUM-DEL,210,53.68
2024-05-23,Bangalore,Chennai,BLR-CHN,94,32.38
2024-05-23,Chennai,Hyderabad,BLR-HYD,96,36.69
2024-05-23,Hyderabad,Mumbai,BLR-MUM,163,53.64
2024-05-23,Mumbai,Delhi,CHN-HYD,245,65.58
2024-05-23,Delhi,Bangalore,MUM-DEL,142,56.15
2024-05-24,Bangalore,Chennai,BLR-CHN,196,73.91
2024-05-24,Chennai,Hyderabad,BLR-HYD,151,44.26
2024-05-24,Hyderabad,Mumbai,BLR-MUM,151,51.25
2024-05-24,Mumbai,Delhi,CHN-HYD,143,45.57
2024-05-24,Delhi,Bangalore,MUM-DEL,174,72.48
2024-05-25,Bangalore,Chennai,BLR-CHN,90,36.76
2024-05-25,Chennai,Hyderabad,BLR-HYD,112,54.41
2024-05-25,Hyderabad,Mumbai,BLR-MUM,248,52.55
2024-05-25,Mumbai,Delhi,CHN-HYD,167,40.71
2024-05-25,Delhi,Bangalore,MUM-DEL,155,76.88
2024-05-26,Bangalore,Chennai,BLR-CHN,239,49.12
2024-05-26,Chennai,Hyderabad,BLR-HYD,133,51.26
2024-05-26,Hyderabad,Mumbai,BLR-MUM,227,68.96
2024-05-26,Mumbai,Delhi,CHN-HYD,247,50.12
2024-05-26,Delhi,Bangalore,MUM-DEL,176,62.54
2024-05-27,Bangalore,Chennai,BLR-CHN,112,52.05
2024-05-27,Chennai,Hyderabad,BLR-HYD,237,49.76
2024-05-27,Hyderabad,Mumbai,BLR-MUM,195,59.93
2024-05-27,Mumbai,Delhi,CHN-HYD,182,43.65
2024-05-27,Delhi,Bangalore,MUM-DEL,182,47.37
2024-05-28,Bangalore,Chennai,BLR-CHN,201,88.48
2024-05-28,Chennai,Hyderabad,BLR-HYD,185,46.3
2024-05-28,Hyderabad,Mumbai,BLR-MUM,128,62.14
2024-05-28,Mumbai,Delhi,CHN-HYD,140,57.67
2024-05-28,Delhi,Bangalore,MUM-DEL,213,80.61
2024-05-29,Bangalore,Chennai,BLR-CHN,152,32.77
2024-05-29,Chennai,Hyderabad,BLR-HYD,239,69.23
2024-05-29,Hyderabad,Mumbai,BLR-MUM,87,42.13
2024-05-29,Mumbai,Delhi,CHN-HYD,171,75.33
2024-05-29,Delhi,Bangalore,MUM-DEL,141,54.1
2024-05-30,Bangalore,Chennai,BLR-CHN,206,46.15
2024-05-30,Chennai,Hyderabad,BLR-HYD,163,59.64
2024-05-30,Hyderabad,Mumbai,BLR-MUM,213,94.83
2024-05-30,Mumbai,Delhi,CHN-HYD,233,80.22
2024-05-30,Delhi,Bangalore,MUM-DEL,206,73.73
2024-05-31,Bangalore,Chennai,BLR-CHN,185,61.34
2024-05-31,Chennai,Hyderabad,BLR-HYD,91,24.95
2024-05-31,Hyderabad,Mumbai,BLR-MUM,220,75.63
2024-05-31,Mumbai,Delhi,CHN-HYD,201,60.04
2024-05-31,Delhi,Bangalore,MUM-DEL,179,75.77
2024-06-01,Bangalore,Chennai,BLR-CHN,198,65.36
2024-06-01,Chennai,Hyderabad,BLR-HYD,111,38.79
2024-06-01,Hyderabad,Mumbai,BLR-MUM,161,33.21
2024-06-01,Mumbai,Delhi,CHN-HYD,229,68.63
2024-06-01,Delhi,Bangalore,MUM-DEL,135,66.48
2024-06-02,Bangalore,Chennai,BLR-CHN,210,47.14
2024-06-02,Chennai,Hyderabad,BLR-HYD,114,30.34
2024-06-02,Hyderabad,Mumbai,BLR-MUM,176,79.58
2024-06-02,Mumbai,Delhi,CHN-HYD,128,58.94
2024-06-02,Delhi,Bangalore,MUM-DEL,238,77.3
2024-06-03,Bangalore,Chennai,BLR-CHN,103,33.75
2024-06-03,Chennai,Hyderabad,BLR-HYD,83,34.91
2024-06-03,Hyderabad,Mumbai,BLR-MUM,205,101.74
2024-06-03,Mumbai,Delhi,CHN-HYD,231,83.85
2024-06-03,Delhi,Bangalore,MUM-DEL,175,65.87
2024-06-04,Bangalore,Chennai,BLR-CHN,196,62.46
2024-06-04,Chennai,Hyderabad,BLR-HYD,145,55.0
2024-06-04,Hyderabad,Mumbai,BLR-MUM,243,79.34
2024-06-04,Mumbai,Delhi,CHN-HYD,249,123.91
2024-06-04,Delhi,Bangalore,MUM-DEL,204,53.69
2024-06-05,Bangalore,Chennai,BLR-CHN,97,37.78
2024-06-05,Chennai,Hyderabad,BLR-HYD,222,60.1
2024-06-05,Hyderabad,Mumbai,BLR-MUM,105,43.55
2024-06-05,Mumbai,Delhi,CHN-HYD,166,64.7
2024-06-05,Delhi,Bangalore,MUM-DEL,93,45.7
2024-06-06,Bangalore,Chennai,BLR-CHN,198,64.13
2024-06-06,Chennai,Hyderabad,BLR-HYD,245,85.18
2024-06-06,Hyderabad,Mumbai,BLR-MUM,141,32.32
2024-06-06,Mumbai,Delhi,CHN-HYD,204,68.05
2024-06-06,Delhi,Bangalore,MUM-DEL,163,61.6
2024-06-07,Bangalore,Chennai,BLR-CHN,149,58.95
2024-06-07,Chennai,Hyderabad,BLR-HYD,168,82.46
2024-06-07,Hyderabad,Mumbai,BLR-MUM,145,66.32
2024-06-07,Mumbai,Delhi,CHN-HYD,84,24.99
2024-06-07,Delhi,Bangalore,MUM-DEL,247,93.76
2024-06-08,Bangalore,Chennai,BLR-CHN,243,119.3
2024-06-08,Chennai,Hyderabad,BLR-HYD,126,34.07
2024-06-08,Hyderabad,Mumbai,BLR-MUM,89,19.76
2024-06-08,Mumbai,Delhi,CHN-HYD,93,27.83
2024-06-08,Delhi,Bangalore,MUM-DEL,172,51.79
2024-06-09,Bangalore,Chennai,BLR-CHN,173,42.16
2024-06-09,Chennai,Hyderabad,BLR-HYD,212,58.22
2024-06-09,Hyderabad,Mumbai,BLR-MUM,80,22.06
2024-06-09,Mumbai,Delhi,CHN-HYD,197,49.31
2024-06-09,Delhi,Bangalore,MUM-DEL,200,76.33
2024-06-10,Bangalore,Chennai,BLR-CHN,244,106.03
2024-06-10,Chennai,Hyderabad,BLR-HYD,199,87.9
2024-06-10,Hyderabad,Mumbai,BLR-MUM,235,107.93
2024-06-10,Mumbai,Delhi,CHN-HYD,213,55.75
2024-06-10,Delhi,Bangalore,MUM-DEL,227,63.77
2024-06-11,Bangalore,Chennai,BLR-CHN,209,49.51
2024-06-11,Chennai,Hyderabad,BLR-HYD,116,55.79
2024-06-11,Hyderabad,Mumbai,BLR-MUM,108,42.34
2024-06-11,Mumbai,Delhi,CHN-HYD,114,38.27
2024-06-11,Delhi,Bangalore,MUM-DEL,138,40.69
2024-06-12,Bangalore,Chennai,BLR-CHN,91,22.25
2024-06-12,Chennai,Hyderabad,BLR-HYD,122,25.04
2024-06-12,Hyderabad,Mumbai,BLR-MUM,129,63.46
2024-06-12,Mumbai,Delhi,CHN-HYD,118,39.7
2024-06-12,Delhi,Bangalore,MUM-DEL,230,92.01
2024-06-13,Bangalore,Chennai,BLR-CHN,163,38.75
2024-06-13,Chennai,Hyderabad,BLR-HYD,205,59.94
2024-06-13,Hyderabad,Mumbai,BLR-MUM,159,76.63
2024-06-13,Mumbai,Delhi,CHN-HYD,203,81.61
2024-06-13,Delhi,Bangalore,MUM-DEL,164,37.42
2024-06-14,Bangalore,Chennai,BLR-CHN,87,21.48
2024-06-14,Chennai,Hyderabad,BLR-HYD,181,83.34
2024-06-14,Hyderabad,Mumbai,BLR-MUM,165,45.64
2024-06-14,Mumbai,Delhi,CHN-HYD,134,66.14
2024-06-14,Delhi,Bangalore,MUM-DEL,237,82.75
2024-06-15,Bangalore,Chennai,BLR-CHN,224,100.63
2024-06-15,Chennai,Hyderabad,BLR-HYD,126,46.77
2024-06-15,Hyderabad,Mumbai,BLR-MUM,155,36.26
2024-06-15,Mumbai,Delhi,CHN-HYD,168,68.35
2024-06-15,Delhi,Bangalore,MUM-DEL,112,42.58
2024-06-16,Bangalore,Chennai,BLR-CHN,110,43.74
2024-06-16,Chennai,Hyderabad,BLR-HYD,132,52.81
2024-06-16,Hyderabad,Mumbai,BLR-MUM,184,42.68
2024-06-16,Mumbai,Delhi,CHN-HYD,142,70.03
2024-06-16,Delhi,Bangalore,MUM-DEL,248,123.5
2024-06-17,Bangalore,Chennai,BLR-CHN,92,39.99
2024-06-17,Chennai,Hyderabad,BLR-HYD,156,44.71
2024-06-17,Hyderabad,Mumbai,BLR-MUM,147,58.09
2024-06-17,Mumbai,Delhi,CHN-HYD,181,53.96
2024-06-17,Delhi,Bangalore,MUM-DEL,181,59.99
2024-06-18,Bangalore,Chennai,BLR-CHN,161,74.6
2024-06-18,Chennai,Hyderabad,BLR-HYD,102,33.73
2024-06-18,Hyderabad,Mumbai,BLR-MUM,154,48.16
2024-06-18,Mumbai,Delhi,CHN-HYD,133,52.5
2024-06-18,Delhi,Bangalore,MUM-DEL,222,86.37
2024-06-19,Bangalore,Chennai,BLR-CHN,222,90.72
2024-06-19,Chennai,Hyderabad,BLR-HYD,139,50.67
2024-06-19,Hyderabad,Mumbai,BLR-MUM,240,65.1
2024-06-19,Mumbai,Delhi,CHN-HYD,114,30.57
2024-06-19,Delhi,Bangalore,MUM-DEL,90,34.29
2024-06-20,Bangalore,Chennai,BLR-CHN,189,74.23
2024-06-20,Chennai,Hyderabad,BLR-HYD,88,27.63
2024-06-20,Hyderabad,Mumbai,BLR-MUM,105,50.97
2024-06-20,Mumbai,Delhi,CHN-HYD,235,48.81
2024-06-20,Delhi,Bangalore,MUM-DEL,233,54.21
2024-06-21,Bangalore,Chennai,BLR-CHN,212,67.77
2024-06-21,Chennai,Hyderabad,BLR-HYD,116,31.76
2024-06-21,Hyderabad,Mumbai,BLR-MUM,94,29.92
2024-06-21,Mumbai,Delhi,CHN-HYD,166,73.69
2024-06-21,Delhi,Bangalore,MUM-DEL,187,91.0
2024-06-22,Bangalore,Chennai,BLR-CHN,100,25.87
2024-06-22,Chennai,Hyderabad,BLR-HYD,159,62.68
2024-06-22,Hyderabad,Mumbai,BLR-MUM,203,98.74
2024-06-22,Mumbai,Delhi,CHN-HYD,115,54.98
2024-06-22,Delhi,Bangalore,MUM-DEL,94,24.36
2024-06-23,Bangalore,Chennai,BLR-CHN,220,67.21
2024-06-23,Chennai,Hyderabad,BLR-HYD,113,28.24
2024-06-23,Hyderabad,Mumbai,BLR-MUM,196,55.95
2024-06-23,Mumbai,Delhi,CHN-HYD,106,50.76
2024-06-23,Delhi,Bangalore,MUM-DEL,235,85.01
2024-06-24,Bangalore,Chennai,BLR-CHN,223,50.6
2024-06-24,Chennai,Hyderabad,BLR-HYD,237,98.32
2024-06-24,Hyderabad,Mumbai,BLR-MUM,156,50.55
2024-06-24,Mumbai,Delhi,CHN-HYD,168,59.93
2024-06-24,Delhi,Bangalore,MUM-DEL,86,34.77
2024-06-25,Bangalore,Chennai,BLR-CHN,153,67.31
2024-06-25,Chennai,Hyderabad,BLR-HYD,238,98.23
2024-06-25,Hyderabad,Mumbai,BLR-MUM,135,59.13
2024-06-25,Mumbai,Delhi,CHN-HYD,121,57.51
2024-06-25,Delhi,Bangalore,MUM-DEL,163,56.25
2024-06-26,Bangalore,Chennai,BLR-CHN,86,38.25
2024-06-26,Chennai,Hyderabad,BLR-HYD,199,71.23
2024-06-26,Hyderabad,Mumbai,BLR-MUM,126,61.16
2024-06-26,Mumbai,Delhi,CHN-HYD,198,77.5
2024-06-26,Delhi,Bangalore,MUM-DEL,100,46.53
2024-06-27,Bangalore,Chennai,BLR-CHN,216,94.63
2024-06-27,Chennai,Hyderabad,BLR-HYD,94,36.03
2024-06-27,Hyderabad,Mumbai,BLR-MUM,201,61.95
2024-06-27,Mumbai,Delhi,CHN-HYD,249,117.03
2024-06-27,Delhi,Bangalore,MUM-DEL,128,34.7
2024-06-28,Bangalore,Chennai,BLR-CHN,116,33.71
2024-06-28,Chennai,Hyderabad,BLR-HYD,231,103.21
2024-06-28,Hyderabad,Mumbai,BLR-MUM,139,55.8
2024-06-28,Mumbai,Delhi,CHN-HYD,168,38.41
2024-06-28,Delhi,Bangalore,MUM-DEL,243,59.51
2024-06-29,Bangalore,Chennai,BLR-CHN,148,37.06
2024-06-29,Chennai,Hyderabad,BLR-HYD,187,85.8
2024-06-29,Hyderabad,Mumbai,BLR-MUM,198,71.4
2024-06-29,Mumbai,Delhi,CHN-HYD,229,47.42
2024-06-29,Delhi,Bangalore,MUM-DEL,222,59.73
2024-06-30,Bangalore,Chennai,BLR-CHN,239,93.54
2024-06-30,Chennai,Hyderabad,BLR-HYD,157,61.17
2024-06-30,Hyderabad,Mumbai,BLR-MUM,232,115.15
2024-06-30,Mumbai,Delhi,CHN-HYD,114,43.22
2024-06-30,Delhi,Bangalore,MUM-DEL,225,72.29
2024-07-01,Bangalore,Chennai,BLR-CHN,197,65.75
2024-07-01,Chennai,Hyderabad,BLR-HYD,248,101.12
2024-07-01,Hyderabad,Mumbai,BLR-MUM,103,24.57
2024-07-01,Mumbai,Delhi,CHN-HYD,98,37.33
2024-07-01,Delhi,Bangalore,MUM-DEL,181,67.61
2024-07-02,Bangalore,Chennai,BLR-CHN,246,106.22
2024-07-02,Chennai,Hyderabad,BLR-HYD,115,25.96
2024-07-02,Hyderabad,Mumbai,BLR-MUM,176,66.66
2024-07-02,Mumbai,Delhi,CHN-HYD,152,45.15
2024-07-02,Delhi,Bangalore,MUM-DEL,202,61.22
2024-07-03,Bangalore,Chennai,BLR-CHN,92,32.73
2024-07-03,Chennai,Hyderabad,BLR-HYD,209,83.78
2024-07-03,Hyderabad,Mumbai,BLR-MUM,106,41.56
2024-07-03,Mumbai,Delhi,CHN-HYD,87,40.37
2024-07-03,Delhi,Bangalore,MUM-DEL,129,52.12
2024-07-04,Bangalore,Chennai,BLR-CHN,123,36.57
2024-07-04,Chennai,Hyderabad,BLR-HYD,82,21.08
2024-07-04,Hyderabad,Mumbai,BLR-MUM,209,104.13
2024-07-04,Mumbai,Delhi,CHN-HYD,81,25.02
2024-07-04,Delhi,Bangalore,MUM-DEL,114,47.79
2024-07-05,Bangalore,Chennai,BLR-CHN,109,32.71
2024-07-05,Chennai,Hyderabad,BLR-HYD,229,84.43
2024-07-05,Hyderabad,Mumbai,BLR-MUM,115,56.18
2024-07-05,Mumbai,Delhi,CHN-HYD,110,46.91
2024-07-05,Delhi,Bangalore,MUM-DEL,134,48.34
2024-07-06,Bangalore,Chennai,BLR-CHN,237,79.42
2024-07-06,Chennai,Hyderabad,BLR-HYD,223,44.68
2024-07-06,Hyderabad,Mumbai,BLR-MUM,223,89.08
2024-07-06,Mumbai,Delhi,CHN-HYD,82,39.21
2024-07-06,Delhi,Bangalore,MUM-DEL,102,32.62
2024-07-07,Bangalore,Chennai,BLR-CHN,183,37.7
2024-07-07,Chennai,Hyderabad,BLR-HYD,183,78.8
2024-07-07,Hyderabad,Mumbai,BLR-MUM,144,65.18
2024-07-07,Mumbai,Delhi,CHN-HYD,228,51.96
2024-07-07,Delhi,Bangalore,MUM-DEL,229,51.92
2024-07-08,Bangalore,Chennai,BLR-CHN,111,26.45
2024-07-08,Chennai,Hyderabad,BLR-HYD,95,33.44
2024-07-08,Hyderabad,Mumbai,BLR-MUM,221,52.0
2024-07-08,Mumbai,Delhi,CHN-HYD,230,64.15
2024-07-08,Delhi,Bangalore,MUM-DEL,145,45.57
2024-07-09,Bangalore,Chennai,BLR-CHN,81,38.97
2024-07-09,Chennai,Hyderabad,BLR-HYD,154,68.93
2024-07-09,Hyderabad,Mumbai,BLR-MUM,230,111.02
2024-07-09,Mumbai,Delhi,CHN-HYD,134,33.3
2024-07-09,Delhi,Bangalore,MUM-DEL,229,79.94
2024-07-10,Bangalore,Chennai,BLR-CHN,165,61.05
2024-07-10,Chennai,Hyderabad,BLR-HYD,91,43.61
2024-07-10,Hyderabad,Mumbai,BLR-MUM,121,43.79
2024-07-10,Mumbai,Delhi,CHN-HYD,114,45.86
2024-07-10,Delhi,Bangalore,MUM-DEL,237,98.69
2024-07-11,Bangalore,Chennai,BLR-CHN,146,63.8
2024-07-11,Chennai,Hyderabad,BLR-HYD,93,20.86
2024-07-11,Hyderabad,Mumbai,BLR-MUM,228,47.17
2024-07-11,Mumbai,Delhi,CHN-HYD,170,69.44
2024-07-11,Delhi,Bangalore,MUM-DEL,99,36.82
2024-07-12,Bangalore,Chennai,BLR-CHN,89,39.76
2024-07-12,Chennai,Hyderabad,BLR-HYD,104,35.76
2024-07-12,Hyderabad,Mumbai,BLR-MUM,112,53.4
2024-07-12,Mumbai,Delhi,CHN-HYD,93,22.48
2024-07-12,Delhi,Bangalore,MUM-DEL,159,68.28
2024-07-13,Bangalore,Chennai,BLR-CHN,204,60.23
2024-07-13,Chennai,Hyderabad,BLR-HYD,248,110.99
2024-07-13,Hyderabad,Mumbai,BLR-MUM,220,68.26
2024-07-13,Mumbai,Delhi,CHN-HYD,215,73.85
2024-07-13,Delhi,Bangalore,MUM-DEL,104,28.06
2024-07-14,Bangalore,Chennai,BLR-CHN,91,44.57
2024-07-14,Chennai,Hyderabad,BLR-HYD,175,66.2
2024-07-14,Hyderabad,Mumbai,BLR-MUM,110,38.7
2024-07-14,Mumbai,Delhi,CHN-HYD,225,63.75
2024-07-14,Delhi,Bangalore,MUM-DEL,213,42.62
2024-07-15,Bangalore,Chennai,BLR-CHN,122,47.08
2024-07-15,Chennai,Hyderabad,BLR-HYD,139,43.01
2024-07-15,Hyderabad,Mumbai,BLR-MUM,110,24.02
2024-07-15,Mumbai,Delhi,CHN-HYD,241,81.44
2024-07-15,Delhi,Bangalore,MUM-DEL,209,72.18
2024-07-16,Bangalore,Chennai,BLR-CHN,238,97.23
2024-07-16,Chennai,Hyderabad,BLR-HYD,162,40.69
2024-07-16,Hyderabad,Mumbai,BLR-MUM,228,53.9
2024-07-16,Mumbai,Delhi,CHN-HYD,194,49.15
2024-07-16,Delhi,Bangalore,MUM-DEL,223,48.77
2024-07-17,Bangalore,Chennai,BLR-CHN,83,32.37
2024-07-17,Chennai,Hyderabad,BLR-HYD,119,52.86
2024-07-17,Hyderabad,Mumbai,BLR-MUM,182,48.46
2024-07-17,Mumbai,Delhi,CHN-HYD,131,51.97
2024-07-17,Delhi,Bangalore,MUM-DEL,245,80.32
2024-07-18,Bangalore,Chennai,BLR-CHN,142,62.14
2024-07-18,Chennai,Hyderabad,BLR-HYD,141,55.87
2024-07-18,Hyderabad,Mumbai,BLR-MUM,86,30.76
2024-07-18,Mumbai,Delhi,CHN-HYD,93,23.54
2024-07-18,Delhi,Bangalore,MUM-DEL,165,80.71
2024-07-19,Bangalore,Chennai,BLR-CHN,209,50.19
2024-07-19,Chennai,Hyderabad,BLR-HYD,228,46.91
2024-07-19,Hyderabad,Mumbai,BLR-MUM,158,59.19
2024-07-19,Mumbai,Delhi,CHN-HYD,137,35.2
2024-07-19,Delhi,Bangalore,MUM-DEL,212,56.09
2024-07-20,Bangalore,Chennai,BLR-CHN,161,35.32
2024-07-20,Chennai,Hyderabad,BLR-HYD,239,82.78
2024-07-20,Hyderabad,Mumbai,BLR-MUM,218,73.32
2024-07-20,Mumbai,Delhi,CHN-HYD,131,36.65
2024-07-20,Delhi,Bangalore,MUM-DEL,196,67.91
2024-07-21,Bangalore,Chennai,BLR-CHN,113,33.61
2024-07-21,Chennai,Hyderabad,BLR-HYD,161,55.19
2024-07-21,Hyderabad,Mumbai,BLR-MUM,236,79.73
2024-07-21,Mumbai,Delhi,CHN-HYD,100,48.69
2024-07-21,Delhi,Bangalore,MUM-DEL,192,93.43
2024-07-22,Bangalore,Chennai,BLR-CHN,96,38.17
2024-07-22,Chennai,Hyderabad,BLR-HYD,248,100.8
2024-07-22,Hyderabad,Mumbai,BLR-MUM,139,30.99
2024-07-22,Mumbai,Delhi,CHN-HYD,176,79.6
2024-07-22,Delhi,Bangalore,MUM-DEL,137,37.8
2024-07-23,Bangalore,Chennai,BLR-CHN,100,44.75
2024-07-23,Chennai,Hyderabad,BLR-HYD,113,35.7
2024-07-23,Hyderabad,Mumbai,BLR-MUM,158,73.76
2024-07-23,Mumbai,Delhi,CHN-HYD,166,59.02
2024-07-23,Delhi,Bangalore,MUM-DEL,148,62.34
2024-07-24,Bangalore,Chennai,BLR-CHN,166,67.08
2024-07-24,Chennai,Hyderabad,BLR-HYD,156,32.98
2024-07-24,Hyderabad,Mumbai,BLR-MUM,166,68.87
2024-07-24,Mumbai,Delhi,CHN-HYD,188,82.84
2024-07-24,Delhi,Bangalore,MUM-DEL,231,48.67
2024-07-25,Bangalore,Chennai,BLR-CHN,227,95.62
2024-07-25,Chennai,Hyderabad,BLR-HYD,137,46.39
2024-07-25,Hyderabad,Mumbai,BLR-MUM,218,107.09
2024-07-25,Mumbai,Delhi,CHN-HYD,214,93.12
2024-07-25,Delhi,Bangalore,MUM-DEL,130,32.79
2024-07-26,Bangalore,Chennai,BLR-CHN,84,30.65
2024-07-26,Chennai,Hyderabad,BLR-HYD,175,38.61
2024-07-26,Hyderabad,Mumbai,BLR-MUM,217,44.76
2024-07-26,Mumbai,Delhi,CHN-HYD,191,93.66
2024-07-26,Delhi,Bangalore,MUM-DEL,215,92.61
2024-07-27,Bangalore,Chennai,BLR-CHN,232,114.33
2024-07-27,Chennai,Hyderabad,BLR-HYD,128,35.41
2024-07-27,Hyderabad,Mumbai,BLR-MUM,147,63.56
2024-07-27,Mumbai,Delhi,CHN-HYD,248,121.01
2024-07-27,Delhi,Bangalore,MUM-DEL,198,42.09
2024-07-28,Bangalore,Chennai,BLR-CHN,193,57.26
2024-07-28,Chennai,Hyderabad,BLR-HYD,243,69.95
2024-07-28,Hyderabad,Mumbai,BLR-MUM,81,30.83
2024-07-28,Mumbai,Delhi,CHN-HYD,239,101.44
2024-07-28,Delhi,Bangalore,MUM-DEL,111,42.73
2024-07-29,Bangalore,Chennai,BLR-CHN,90,19.18
2024-07-29,Chennai,Hyderabad,BLR-HYD,96,45.93
2024-07-29,Hyderabad,Mumbai,BLR-MUM,232,72.57
2024-07-29,Mumbai,Delhi,CHN-HYD,157,52.1
2024-07-29,Delhi,Bangalore,MUM-DEL,193,93.2
2024-07-30,Bangalore,Chennai,BLR-CHN,237,113.4
2024-07-30,Chennai,Hyderabad,BLR-HYD,111,38.72
2024-07-30,Hyderabad,Mumbai,BLR-MUM,192,75.6
2024-07-30,Mumbai,Delhi,CHN-HYD,201,89.4
2024-07-30,Delhi,Bangalore,MUM-DEL,198,91.83
2024-07-31,Bangalore,Chennai,BLR-CHN,91,43.29
2024-07-31,Chennai,Hyderabad,BLR-HYD,97,37.91
2024-07-31,Hyderabad,Mumbai,BLR-MUM,228,112.52
2024-07-31,Mumbai,Delhi,CHN-HYD,125,52.32
2024-07-31,Delhi,Bangalore,MUM-DEL,214,54.39
2024-08-01,Bangalore,Chennai,BLR-CHN,165,70.28
2024-08-01,Chennai,Hyderabad,BLR-HYD,168,80.84
2024-08-01,Hyderabad,Mumbai,BLR-MUM,108,45.19
2024-08-01,Mumbai,Delhi,CHN-HYD,81,19.4
2024-08-01,Delhi,Bangalore,MUM-DEL,106,51.89
2024-08-02,Bangalore,Chennai,BLR-CHN,230,104.01
2024-08-02,Chennai,Hyderabad,BLR-HYD,101,36.63
2024-08-02,Hyderabad,Mumbai,BLR-MUM,176,62.04
2024-08-02,Mumbai,Delhi,CHN-HYD,197,72.79
2024-08-02,Delhi,Bangalore,MUM-DEL,236,53.84
2024-08-03,Bangalore,Chennai,BLR-CHN,187,73.1
2024-08-03,Chennai,Hyderabad,BLR-HYD,207,68.34
2024-08-03,Hyderabad,Mumbai,BLR-MUM,215,72.77
2024-08-03,Mumbai,Delhi,CHN-HYD,223,98.91
2024-08-03,Delhi,Bangalore,MUM-DEL,187,78.15
2024-08-04,Bangalore,Chennai,BLR-CHN,211,48.48
2024-08-04,Chennai,Hyderabad,BLR-HYD,143,62.92
2024-08-04,Hyderabad,Mumbai,BLR-MUM,89,37.62
2024-08-04,Mumbai,Delhi,CHN-HYD,125,48.1
2024-08-04,Delhi,Bangalore,MUM-DEL,234,95.09
2024-08-05,Bangalore,Chennai,BLR-CHN,191,83.11
2024-08-05,Chennai,Hyderabad,BLR-HYD,243,48.98
2024-08-05,Hyderabad,Mumbai,BLR-MUM,169,76.39
2024-08-05,Mumbai,Delhi,CHN-HYD,91,38.56
2024-08-05,Delhi,Bangalore,MUM-DEL,93,39.51
2024-08-06,Bangalore,Chennai,BLR-CHN,200,80.7
2024-08-06,Chennai,Hyderabad,BLR-HYD,223,54.56
2024-08-06,Hyderabad,Mumbai,BLR-MUM,149,68.99
2024-08-06,Mumbai,Delhi,CHN-HYD,180,42.73
2024-08-06,Delhi,Bangalore,MUM-DEL,190,63.57
2024-08-07,Bangalore,Chennai,BLR-CHN,99,42.98
2024-08-07,Chennai,Hyderabad,BLR-HYD,233,73.97
2024-08-07,Hyderabad,Mumbai,BLR-MUM,133,54.36
2024-08-07,Mumbai,Delhi,CHN-HYD,228,47.59
2024-08-07,Delhi,Bangalore,MUM-DEL,83,21.11
2024-08-08,Bangalore,Chennai,BLR-CHN,99,31.75
2024-08-08,Chennai,Hyderabad,BLR-HYD,150,51.64
2024-08-08,Hyderabad,Mumbai,BLR-MUM,93,38.78
2024-08-08,Mumbai,Delhi,CHN-HYD,159,42.55
2024-08-08,Delhi,Bangalore,MUM-DEL,211,45.54
2024-08-09,Bangalore,Chennai,BLR-CHN,103,41.5
2024-08-09,Chennai,Hyderabad,BLR-HYD,161,61.28
2024-08-09,Hyderabad,Mumbai,BLR-MUM,139,41.23
2024-08-09,Mumbai,Delhi,CHN-HYD,142,31.68
2024-08-09,Delhi,Bangalore,MUM-DEL,229,93.58
2024-08-10,Bangalore,Chennai,BLR-CHN,155,67.5
2024-08-10,Chennai,Hyderabad,BLR-HYD,196,85.57
2024-08-10,Hyderabad,Mumbai,BLR-MUM,98,32.54
2024-08-10,Mumbai,Delhi,CHN-HYD,173,51.63
2024-08-10,Delhi,Bangalore,MUM-DEL,225,70.07
2024-08-11,Bangalore,Chennai,BLR-CHN,192,72.86
2024-08-11,Chennai,Hyderabad,BLR-HYD,126,62.94
2024-08-11,Hyderabad,Mumbai,BLR-MUM,197,77.38
2024-08-11,Mumbai,Delhi,CHN-HYD,224,87.64
2024-08-11,Delhi,Bangalore,MUM-DEL,227,98.9
2024-08-12,Bangalore,Chennai,BLR-CHN,222,71.7
2024-08-12,Chennai,Hyderabad,BLR-HYD,157,66.59
2024-08-12,Hyderabad,Mumbai,BLR-MUM,182,67.62
2024-08-12,Mumbai,Delhi,CHN-HYD,223,58.18
2024-08-12,Delhi,Bangalore,MUM-DEL,140,69.15
2024-08-13,Bangalore,Chennai,BLR-CHN,82,17.04
2024-08-13,Chennai,Hyderabad,BLR-HYD,192,72.14
2024-08-13,Hyderabad,Mumbai,BLR-MUM,197,55.54
2024-08-13,Mumbai,Delhi,CHN-HYD,160,76.62
2024-08-13,Delhi,Bangalore,MUM-DEL,130,62.69
2024-08-14,Bangalore,Chennai,BLR-CHN,249,113.5
2024-08-14,Chennai,Hyderabad,BLR-HYD,233,107.6
2024-08-14,Hyderabad,Mumbai,BLR-MUM,172,58.23
2024-08-14,Mumbai,Delhi,CHN-HYD,128,42.31
2024-08-14,Delhi,Bangalore,MUM-DEL,84,34.59
2024-08-15,Bangalore,Chennai,BLR-CHN,169,37.89
2024-08-15,Chennai,Hyderabad,BLR-HYD,118,41.17
2024-08-15,Hyderabad,Mumbai,BLR-MUM,208,90.29
2024-08-15,Mumbai,Delhi,CHN-HYD,179,76.91
2024-08-15,Delhi,Bangalore,MUM-DEL,139,33.28
2024-08-16,Bangalore,Chennai,BLR-CHN,136,57.86
2024-08-16,Chennai,Hyderabad,BLR-HYD,231,78.91
2024-08-16,Hyderabad,Mumbai,BLR-MUM,237,67.5
2024-08-16,Mumbai,Delhi,CHN-HYD,185,52.66
2024-08-16,Delhi,Bangalore,MUM-DEL,214,58.66
2024-08-17,Bangalore,Chennai,BLR-CHN,93,25.56
2024-08-17,Chennai,Hyderabad,BLR-HYD,159,49.51
2024-08-17,Hyderabad,Mumbai,BLR-MUM,185,83.89
2024-08-17,Mumbai,Delhi,CHN-HYD,149,32.72
2024-08-17,Delhi,Bangalore,MUM-DEL,124,56.53
2024-08-18,Bangalore,Chennai,BLR-CHN,186,40.7
2024-08-18,Chennai,Hyderabad,BLR-HYD,186,44.97
2024-08-18,Hyderabad,Mumbai,BLR-MUM,240,103.57
2024-08-18,Mumbai,Delhi,CHN-HYD,149,70.02
2024-08-18,Delhi,Bangalore,MUM-DEL,239,95.39
2024-08-19,Bangalore,Chennai,BLR-CHN,227,54.12
2024-08-19,Chennai,Hyderabad,BLR-HYD,228,49.17
2024-08-19,Hyderabad,Mumbai,BLR-MUM,199,55.33
2024-08-19,Mumbai,Delhi,CHN-HYD,136,47.37
2024-08-19,Delhi,Bangalore,MUM-DEL,100,27.7
2024-08-20,Bangalore,Chennai,BLR-CHN,210,87.68
2024-08-20,Chennai,Hyderabad,BLR-HYD,244,90.18
2024-08-20,Hyderabad,Mumbai,BLR-MUM,226,66.13
2024-08-20,Mumbai,Delhi,CHN-HYD,164,62.74
2024-08-20,Delhi,Bangalore,MUM-DEL,248,51.24
2024-08-21,Bangalore,Chennai,BLR-CHN,196,52.45
2024-08-21,Chennai,Hyderabad,BLR-HYD,150,60.77
2024-08-21,Hyderabad,Mumbai,BLR-MUM,112,39.99
2024-08-21,Mumbai,Delhi,CHN-HYD,140,37.55
2024-08-21,Delhi,Bangalore,MUM-DEL,107,44.6
2024-08-22,Bangalore,Chennai,BLR-CHN,248,108.5
2024-08-22,Chennai,Hyderabad,BLR-HYD,96,36.85
2024-08-22,Hyderabad,Mumbai,BLR-MUM,177,61.14
2024-08-22,Mumbai,Delhi,CHN-HYD,164,39.74
2024-08-22,Delhi,Bangalore,MUM-DEL,101,45.95
2024-08-23,Bangalore,Chennai,BLR-CHN,145,33.24
2024-08-23,Chennai,Hyderabad,BLR-HYD,223,72.15
2024-08-23,Hyderabad,Mumbai,BLR-MUM,204,86.66
2024-08-23,Mumbai,Delhi,CHN-HYD,155,33.9
2024-08-23,Delhi,Bangalore,MUM-DEL,247,57.69
2024-08-24,Bangalore,Chennai,BLR-CHN,138,46.61
2024-08-24,Chennai,Hyderabad,BLR-HYD,142,49.58
2024-08-24,Hyderabad,Mumbai,BLR-MUM,111,30.81
2024-08-24,Mumbai,Delhi,CHN-HYD,99,35.98
2024-08-24,Delhi,Bangalore,MUM-DEL,147,62.77
2024-08-25,Bangalore,Chennai,BLR-CHN,222,58.05
2024-08-25,Chennai,Hyderabad,BLR-HYD,158,73.29
2024-08-25,Hyderabad,Mumbai,BLR-MUM,171,47.31
2024-08-25,Mumbai,Delhi,CHN-HYD,204,68.42
2024-08-25,Delhi,Bangalore,MUM-DEL,137,58.25
2024-08-26,Bangalore,Chennai,BLR-CHN,192,39.96
2024-08-26,Chennai,Hyderabad,BLR-HYD,232,52.95
2024-08-26,Hyderabad,Mumbai,BLR-MUM,210,99.28
2024-08-26,Mumbai,Delhi,CHN-HYD,176,55.83
2024-08-26,Delhi,Bangalore,MUM-DEL,85,26.48
2024-08-27,Bangalore,Chennai,BLR-CHN,102,45.56
2024-08-27,Chennai,Hyderabad,BLR-HYD,226,75.1
2024-08-27,Hyderabad,Mumbai,BLR-MUM,90,23.5
2024-08-27,Mumbai,Delhi,CHN-HYD,153,34.92
2024-08-27,Delhi,Bangalore,MUM-DEL,120,44.79
2024-08-28,Bangalore,Chennai,BLR-CHN,164,48.17
2024-08-28,Chennai,Hyderabad,BLR-HYD,216,68.86
2024-08-28,Hyderabad,Mumbai,BLR-MUM,183,65.16
2024-08-28,Mumbai,Delhi,CHN-HYD,139,56.82
2024-08-28,Delhi,Bangalore,MUM-DEL,91,22.73
2024-08-29,Bangalore,Chennai,BLR-CHN,159,72.69
2024-08-29,Chennai,Hyderabad,BLR-HYD,82,38.47
2024-08-29,Hyderabad,Mumbai,BLR-MUM,186,92.08
2024-08-29,Mumbai,Delhi,CHN-HYD,240,91.06
2024-08-29,Delhi,Bangalore,MUM-DEL,87,40.73
2024-08-30,Bangalore,Chennai,BLR-CHN,203,90.56
2024-08-30,Chennai,Hyderabad,BLR-HYD,180,59.78
2024-08-30,Hyderabad,Mumbai,BLR-MUM,189,42.53
2024-08-30,Mumbai,Delhi,CHN-HYD,111,26.12
2024-08-30,Delhi,Bangalore,MUM-DEL,218,76.64
2024-08-31,Bangalore,Chennai,BLR-CHN,95,47.17
2024-08-31,Chennai,Hyderabad,BLR-HYD,188,93.1
2024-08-31,Hyderabad,Mumbai,BLR-MUM,100,41.76
2024-08-31,Mumbai,Delhi,CHN-HYD,241,60.2
2024-08-31,Delhi,Bangalore,MUM-DEL,181,89.4
2024-09-01,Bangalore,Chennai,BLR-CHN,138,34.32
2024-09-01,Chennai,Hyderabad,BLR-HYD,106,43.04
2024-09-01,Hyderabad,Mumbai,BLR-MUM,210,75.23
2024-09-01,Mumbai,Delhi,CHN-HYD,104,46.48
2024-09-01,Delhi,Bangalore,MUM-DEL,233,52.15
2024-09-02,Bangalore,Chennai,BLR-CHN,212,104.31
2024-09-02,Chennai,Hyderabad,BLR-HYD,88,39.22
2024-09-02,Hyderabad,Mumbai,BLR-MUM,213,87.98
2024-09-02,Mumbai,Delhi,CHN-HYD,200,68.27
2024-09-02,Delhi,Bangalore,MUM-DEL,187,63.16
2024-09-03,Bangalore,Chennai,BLR-CHN,210,97.43
2024-09-03,Chennai,Hyderabad,BLR-HYD,109,27.48
2024-09-03,Hyderabad,Mumbai,BLR-MUM,100,23.39
2024-09-03,Mumbai,Delhi,CHN-HYD,240,65.27
2024-09-03,Delhi,Bangalore,MUM-DEL,113,34.4
2024-09-04,Bangalore,Chennai,BLR-CHN,161,68.37
2024-09-04,Chennai,Hyderabad,BLR-HYD,102,39.4
2024-09-04,Hyderabad,Mumbai,BLR-MUM,229,96.51
2024-09-04,Mumbai,Delhi,CHN-HYD,187,63.84
2024-09-04,Delhi,Bangalore,MUM-DEL,94,25.96
2024-09-05,Bangalore,Chennai,BLR-CHN,112,26.64
2024-09-05,Chennai,Hyderabad,BLR-HYD,95,22.03
2024-09-05,Hyderabad,Mumbai,BLR-MUM,247,49.68
2024-09-05,Mumbai,Delhi,CHN-HYD,126,31.81
2024-09-05,Delhi,Bangalore,MUM-DEL,227,60.87
2024-09-06,Bangalore,Chennai,BLR-CHN,166,37.04
2024-09-06,Chennai,Hyderabad,BLR-HYD,146,59.6
2024-09-06,Hyderabad,Mumbai,BLR-MUM,232,61.4
2024-09-06,Mumbai,Delhi,CHN-HYD,222,58.56
2024-09-06,Delhi,Bangalore,MUM-DEL,136,39.6
2024-09-07,Bangalore,Chennai,BLR-CHN,125,53.47
2024-09-07,Chennai,Hyderabad,BLR-HYD,224,96.28
2024-09-07,Hyderabad,Mumbai,BLR-MUM,178,38.76
2024-09-07,Mumbai,Delhi,CHN-HYD,194,91.6
2024-09-07,Delhi,Bangalore,MUM-DEL,230,57.67
2024-09-08,Bangalore,Chennai,BLR-CHN,177,59.14
2024-09-08,Chennai,Hyderabad,BLR-HYD,117,31.36
2024-09-08,Hyderabad,Mumbai,BLR-MUM,151,36.04
2024-09-08,Mumbai,Delhi,CHN-HYD,226,111.43
2024-09-08,Delhi,Bangalore,MUM-DEL,157,53.96
2024-09-09,Bangalore,Chennai,BLR-CHN,192,40.82
2024-09-09,Chennai,Hyderabad,BLR-HYD,167,34.76
2024-09-09,Hyderabad,Mumbai,BLR-MUM,181,51.41
2024-09-09,Mumbai,Delhi,CHN-HYD,162,79.68
2024-09-09,Delhi,Bangalore,MUM-DEL,210,89.5
2024-09-10,Bangalore,Chennai,BLR-CHN,107,21.98
2024-09-10,Chennai,Hyderabad,BLR-HYD,150,57.96
2024-09-10,Hyderabad,Mumbai,BLR-MUM,152,44.3
2024-09-10,Mumbai,Delhi,CHN-HYD,198,71.24
2024-09-10,Delhi,Bangalore,MUM-DEL,98,45.26
2024-09-11,Bangalore,Chennai,BLR-CHN,221,58.68
2024-09-11,Chennai,Hyderabad,BLR-HYD,140,30.87
2024-09-11,Hyderabad,Mumbai,BLR-MUM,109,23.31
2024-09-11,Mumbai,Delhi,CHN-HYD,240,81.75
2024-09-11,Delhi,Bangalore,MUM-DEL,168,75.16
2024-09-12,Bangalore,Chennai,BLR-CHN,132,38.17
2024-09-12,Chennai,Hyderabad,BLR-HYD,157,66.4
2024-09-12,Hyderabad,Mumbai,BLR-MUM,147,68.09
2024-09-12,Mumbai,Delhi,CHN-HYD,81,32.43
2024-09-12,Delhi,Bangalore,MUM-DEL,189,57.1
2024-09-13,Bangalore,Chennai,BLR-CHN,199,50.86
2024-09-13,Chennai,Hyderabad,BLR-HYD,95,25.83
2024-09-13,Hyderabad,Mumbai,BLR-MUM,192,54.83
2024-09-13,Mumbai,Delhi,CHN-HYD,91,34.11
2024-09-13,Delhi,Bangalore,MUM-DEL,143,62.46
2024-09-14,Bangalore,Chennai,BLR-CHN,228,49.95
2024-09-14,Chennai,Hyderabad,BLR-HYD,99,26.34
2024-09-14,Hyderabad,Mumbai,BLR-MUM,240,101.1
2024-09-14,Mumbai,Delhi,CHN-HYD,216,86.56
2024-09-14,Delhi,Bangalore,MUM-DEL,144,29.89
2024-09-15,Bangalore,Chennai,BLR-CHN,166,54.64
2024-09-15,Chennai,Hyderabad,BLR-HYD,155,73.35
2024-09-15,Hyderabad,Mumbai,BLR-MUM,126,30.4
2024-09-15,Mumbai,Delhi,CHN-HYD,226,105.71
2024-09-15,Delhi,Bangalore,MUM-DEL,172,43.2
2024-09-16,Bangalore,Chennai,BLR-CHN,100,38.94
2024-09-16,Chennai,Hyderabad,BLR-HYD,99,43.23
2024-09-16,Hyderabad,Mumbai,BLR-MUM,211,85.02
2024-09-16,Mumbai,Delhi,CHN-HYD,171,39.55
2024-09-16,Delhi,Bangalore,MUM-DEL,229,99.85
2024-09-17,Bangalore,Chennai,BLR-CHN,146,57.77
2024-09-17,Chennai,Hyderabad,BLR-HYD,241,82.39
2024-09-17,Hyderabad,Mumbai,BLR-MUM,184,64.75
2024-09-17,Mumbai,Delhi,CHN-HYD,166,53.47
2024-09-17,Delhi,Bangalore,MUM-DEL,232,46.6
2024-09-18,Bangalore,Chennai,BLR-CHN,140,47.84
2024-09-18,Chennai,Hyderabad,BLR-HYD,106,25.65
2024-09-18,Hyderabad,Mumbai,BLR-MUM,203,69.2
2024-09-18,Mumbai,Delhi,CHN-HYD,172,58.81
2024-09-18,Delhi,Bangalore,MUM-DEL,178,46.07
2024-09-19,Bangalore,Chennai,BLR-CHN,114,38.1
2024-09-19,Chennai,Hyderabad,BLR-HYD,163,42.72
2024-09-19,Hyderabad,Mumbai,BLR-MUM,220,79.44
2024-09-19,Mumbai,Delhi,CHN-HYD,128,25.89
2024-09-19,Delhi,Bangalore,MUM-DEL,215,45.37
2024-09-20,Bangalore,Chennai,BLR-CHN,203,57.95
2024-09-20,Chennai,Hyderabad,BLR-HYD,118,52.01
2024-09-20,Hyderabad,Mumbai,BLR-MUM,141,44.98
2024-09-20,Mumbai,Delhi,CHN-HYD,133,63.78
2024-09-20,Delhi,Bangalore,MUM-DEL,88,39.16
2024-09-21,Bangalore,Chennai,BLR-CHN,128,49.3
2024-09-21,Chennai,Hyderabad,BLR-HYD,167,60.03
2024-09-21,Hyderabad,Mumbai,BLR-MUM,138,48.61
2024-09-21,Mumbai,Delhi,CHN-HYD,120,25.07
2024-09-21,Delhi,Bangalore,MUM-DEL,90,19.21
2024-09-22,Bangalore,Chennai,BLR-CHN,218,52.2
2024-09-22,Chennai,Hyderabad,BLR-HYD,125,31.2
2024-09-22,Hyderabad,Mumbai,BLR-MUM,247,80.66
2024-09-22,Mumbai,Delhi,CHN-HYD,155,72.03
2024-09-22,Delhi,Bangalore,MUM-DEL,188,71.89
2024-09-23,Bangalore,Chennai,BLR-CHN,240,107.31
2024-09-23,Chennai,Hyderabad,BLR-HYD,182,88.49
2024-09-23,Hyderabad,Mumbai,BLR-MUM,87,39.92
2024-09-23,Mumbai,Delhi,CHN-HYD,166,68.94
2024-09-23,Delhi,Bangalore,MUM-DEL,163,66.17
2024-09-24,Bangalore,Chennai,BLR-CHN,147,46.33
2024-09-24,Chennai,Hyderabad,BLR-HYD,206,82.15
2024-09-24,Hyderabad,Mumbai,BLR-MUM,226,85.63
2024-09-24,Mumbai,Delhi,CHN-HYD,247,105.06
2024-09-24,Delhi,Bangalore,MUM-DEL,155,34.73
2024-09-25,Bangalore,Chennai,BLR-CHN,222,94.34
2024-09-25,Chennai,Hyderabad,BLR-HYD,81,32.45
2024-09-25,Hyderabad,Mumbai,BLR-MUM,184,72.48
2024-09-25,Mumbai,Delhi,CHN-HYD,130,49.15
2024-09-25,Delhi,Bangalore,MUM-DEL,89,31.21
2024-09-26,Bangalore,Chennai,BLR-CHN,130,61.62
2024-09-26,Chennai,Hyderabad,BLR-HYD,200,49.26
2024-09-26,Hyderabad,Mumbai,BLR-MUM,82,34.21
2024-09-26,Mumbai,Delhi,CHN-HYD,234,98.82
2024-09-26,Delhi,Bangalore,MUM-DEL,172,37.83
2024-09-27,Bangalore,Chennai,BLR-CHN,223,110.92
2024-09-27,Chennai,Hyderabad,BLR-HYD,81,16.48
2024-09-27,Hyderabad,Mumbai,BLR-MUM,91,26.25
2024-09-27,Mumbai,Delhi,CHN-HYD,144,32.45
2024-09-27,Delhi,Bangalore,MUM-DEL,180,42.64
2024-09-28,Bangalore,Chennai,BLR-CHN,128,33.9
2024-09-28,Chennai,Hyderabad,BLR-HYD,232,97.15
2024-09-28,Hyderabad,Mumbai,BLR-MUM,117,53.08
2024-09-28,Mumbai,Delhi,CHN-HYD,186,61.19
2024-09-28,Delhi,Bangalore,MUM-DEL,178,39.74
2024-09-29,Bangalore,Chennai,BLR-CHN,152,44.37
2024-09-29,Chennai,Hyderabad,BLR-HYD,201,75.79
2024-09-29,Hyderabad,Mumbai,BLR-MUM,187,82.19
2024-09-29,Mumbai,Delhi,CHN-HYD,235,87.84
2024-09-29,Delhi,Bangalore,MUM-DEL,120,39.52
2024-09-30,Bangalore,Chennai,BLR-CHN,183,85.44
2024-09-30,Chennai,Hyderabad,BLR-HYD,239,74.41
2024-09-30,Hyderabad,Mumbai,BLR-MUM,136,28.32
2024-09-30,Mumbai,Delhi,CHN-HYD,203,82.52
2024-09-30,Delhi,Bangalore,MUM-DEL,246,86.96
2024-10-01,Bangalore,Chennai,BLR-CHN,235,77.35
2024-10-01,Chennai,Hyderabad,BLR-HYD,244,113.96
2024-10-01,Hyderabad,Mumbai,BLR-MUM,126,31.04
2024-10-01,Mumbai,Delhi,CHN-HYD,236,83.82
2024-10-01,Delhi,Bangalore,MUM-DEL,225,87.99
2024-10-02,Bangalore,Chennai,BLR-CHN,205,77.65
2024-10-02,Chennai,Hyderabad,BLR-HYD,192,77.4
2024-10-02,Hyderabad,Mumbai,BLR-MUM,148,53.18
2024-10-02,Mumbai,Delhi,CHN-HYD,195,72.94
2024-10-02,Delhi,Bangalore,MUM-DEL,144,33.35
2024-10-03,Bangalore,Chennai,BLR-CHN,192,46.5
2024-10-03,Chennai,Hyderabad,BLR-HYD,148,39.74
2024-10-03,Hyderabad,Mumbai,BLR-MUM,167,58.72
2024-10-03,Mumbai,Delhi,CHN-HYD,154,37.07
2024-10-03,Delhi,Bangalore,MUM-DEL,233,49.33
2024-10-04,Bangalore,Chennai,BLR-CHN,186,58.85
2024-10-04,Chennai,Hyderabad,BLR-HYD,130,26.91
2024-10-04,Hyderabad,Mumbai,BLR-MUM,138,33.69
2024-10-04,Mumbai,Delhi,CHN-HYD,109,26.05
2024-10-04,Delhi,Bangalore,MUM-DEL,201,47.2
2024-10-05,Bangalore,Chennai,BLR-CHN,249,77.8
2024-10-05,Chennai,Hyderabad,BLR-HYD,114,53.18
2024-10-05,Hyderabad,Mumbai,BLR-MUM,97,43.46
2024-10-05,Mumbai,Delhi,CHN-HYD,192,43.48
2024-10-05,Delhi,Bangalore,MUM-DEL,138,67.39
2024-10-06,Bangalore,Chennai,BLR-CHN,224,70.71
2024-10-06,Chennai,Hyderabad,BLR-HYD,101,36.6
2024-10-06,Hyderabad,Mumbai,BLR-MUM,244,83.78
2024-10-06,Mumbai,Delhi,CHN-HYD,220,79.75
2024-10-06,Delhi,Bangalore,MUM-DEL,165,45.22
2024-10-07,Bangalore,Chennai,BLR-CHN,166,55.13
2024-10-07,Chennai,Hyderabad,BLR-HYD,121,54.21
2024-10-07,Hyderabad,Mumbai,BLR-MUM,188,48.58
2024-10-07,Mumbai,Delhi,CHN-HYD,164,49.65
2024-10-07,Delhi,Bangalore,MUM-DEL,100,48.99
2024-10-08,Bangalore,Chennai,BLR-CHN,182,66.15
2024-10-08,Chennai,Hyderabad,BLR-HYD,208,77.82
2024-10-08,Hyderabad,Mumbai,BLR-MUM,103,51.49
2024-10-08,Mumbai,Delhi,CHN-HYD,220,85.33
2024-10-08,Delhi,Bangalore,MUM-DEL,218,57.16
2024-10-09,Bangalore,Chennai,BLR-CHN,96,40.36
2024-10-09,Chennai,Hyderabad,BLR-HYD,161,62.31
2024-10-09,Hyderabad,Mumbai,BLR-MUM,231,89.21
2024-10-09,Mumbai,Delhi,CHN-HYD,244,102.3
2024-10-09,Delhi,Bangalore,MUM-DEL,87,18.43
2024-10-10,Bangalore,Chennai,BLR-CHN,224,92.57
2024-10-10,Chennai,Hyderabad,BLR-HYD,197,52.86
2024-10-10,Hyderabad,Mumbai,BLR-MUM,143,54.04
2024-10-10,Mumbai,Delhi,CHN-HYD,177,73.75
2024-10-10,Delhi,Bangalore,MUM-DEL,126,58.08
2024-10-11,Bangalore,Chennai,BLR-CHN,228,96.62
2024-10-11,Chennai,Hyderabad,BLR-HYD,84,36.81
2024-10-11,Hyderabad,Mumbai,BLR-MUM,99,33.66
2024-10-11,Mumbai,Delhi,CHN-HYD,91,44.67
2024-10-11,Delhi,Bangalore,MUM-DEL,194,65.73
2024-10-12,Bangalore,Chennai,BLR-CHN,127,28.97
2024-10-12,Chennai,Hyderabad,BLR-HYD,131,60.14
2024-10-12,Hyderabad,Mumbai,BLR-MUM,181,64.57
2024-10-12,Mumbai,Delhi,CHN-HYD,230,72.67
2024-10-12,Delhi,Bangalore,MUM-DEL,161,53.62
2024-10-13,Bangalore,Chennai,BLR-CHN,83,36.68
2024-10-13,Chennai,Hyderabad,BLR-HYD,242,62.95
2024-10-13,Hyderabad,Mumbai,BLR-MUM,152,33.11
2024-10-13,Mumbai,Delhi,CHN-HYD,160,62.73
2024-10-13,Delhi,Bangalore,MUM-DEL,175,47.62
2024-10-14,Bangalore,Chennai,BLR-CHN,142,66.04
2024-10-14,Chennai,Hyderabad,BLR-HYD,148,52.26
2024-10-14,Hyderabad,Mumbai,BLR-MUM,110,46.22
2024-10-14,Mumbai,Delhi,CHN-HYD,193,66.21
2024-10-14,Delhi,Bangalore,MUM-DEL,172,35.98
2024-10-15,Bangalore,Chennai,BLR-CHN,146,59.53
2024-10-15,Chennai,Hyderabad,BLR-HYD,121,47.16
2024-10-15,Hyderabad,Mumbai,BLR-MUM,100,30.76
2024-10-15,Mumbai,Delhi,CHN-HYD,248,70.34
2024-10-15,Delhi,Bangalore,MUM-DEL,109,53.11
2024-10-16,Bangalore,Chennai,BLR-CHN,126,62.64
2024-10-16,Chennai,Hyderabad,BLR-HYD,193,77.79
2024-10-16,Hyderabad,Mumbai,BLR-MUM,192,43.57
2024-10-16,Mumbai,Delhi,CHN-HYD,109,22.27
2024-10-16,Delhi,Bangalore,MUM-DEL,144,43.56
2024-10-17,Bangalore,Chennai,BLR-CHN,116,48.97
2024-10-17,Chennai,Hyderabad,BLR-HYD,116,23.4
2024-10-17,Hyderabad,Mumbai,BLR-MUM,215,92.6
2024-10-17,Mumbai,Delhi,CHN-HYD,207,91.65
2024-10-17,Delhi,Bangalore,MUM-DEL,80,36.3
2024-10-18,Bangalore,Chennai,BLR-CHN,183,58.51
2024-10-18,Chennai,Hyderabad,BLR-HYD,113,25.23
2024-10-18,Hyderabad,Mumbai,BLR-MUM,207,84.09
2024-10-18,Mumbai,Delhi,CHN-HYD,181,52.82
2024-10-18,Delhi,Bangalore,MUM-DEL,151,35.23
2024-10-19,Bangalore,Chennai,BLR-CHN,113,22.81
2024-10-19,Chennai,Hyderabad,BLR-HYD,162,57.8
2024-10-19,Hyderabad,Mumbai,BLR-MUM,95,38.43
2024-10-19,Mumbai,Delhi,CHN-HYD,224,78.44
2024-10-19,Delhi,Bangalore,MUM-DEL,203,83.66
2024-10-20,Bangalore,Chennai,BLR-CHN,145,32.17
2024-10-20,Chennai,Hyderabad,BLR-HYD,92,36.81
2024-10-20,Hyderabad,Mumbai,BLR-MUM,238,64.19
2024-10-20,Mumbai,Delhi,CHN-HYD,118,37.81
2024-10-20,Delhi,Bangalore,MUM-DEL,199,63.98
2024-10-21,Bangalore,Chennai,BLR-CHN,106,21.9
2024-10-21,Chennai,Hyderabad,BLR-HYD,132,59.75
2024-10-21,Hyderabad,Mumbai,BLR-MUM,224,87.84
2024-10-21,Mumbai,Delhi,CHN-HYD,92,35.06
2024-10-21,Delhi,Bangalore,MUM-DEL,132,42.88
2024-10-22,Bangalore,Chennai,BLR-CHN,104,24.64
2024-10-22,Chennai,Hyderabad,BLR-HYD,160,66.55
2024-10-22,Hyderabad,Mumbai,BLR-MUM,111,37.16
2024-10-22,Mumbai,Delhi,CHN-HYD,89,39.73
2024-10-22,Delhi,Bangalore,MUM-DEL,133,29.46
2024-10-23,Bangalore,Chennai,BLR-CHN,239,85.53
2024-10-23,Chennai,Hyderabad,BLR-HYD,235,63.54
2024-10-23,Hyderabad,Mumbai,BLR-MUM,132,58.24
2024-10-23,Mumbai,Delhi,CHN-HYD,101,37.27
2024-10-23,Delhi,Bangalore,MUM-DEL,83,20.16
2024-10-24,Bangalore,Chennai,BLR-CHN,87,24.48
2024-10-24,Chennai,Hyderabad,BLR-HYD,198,49.02
2024-10-24,Hyderabad,Mumbai,BLR-MUM,113,27.14
2024-10-24,Mumbai,Delhi,CHN-HYD,177,73.72
2024-10-24,Delhi,Bangalore,MUM-DEL,184,78.13
2024-10-25,Bangalore,Chennai,BLR-CHN,158,36.47
2024-10-25,Chennai,Hyderabad,BLR-HYD,172,36.82
2024-10-25,Hyderabad,Mumbai,BLR-MUM,175,66.16
2024-10-25,Mumbai,Delhi,CHN-HYD,166,62.25
2024-10-25,Delhi,Bangalore,MUM-DEL,87,17.5
2024-10-26,Bangalore,Chennai,BLR-CHN,148,71.36
2024-10-26,Chennai,Hyderabad,BLR-HYD,143,42.17
2024-10-26,Hyderabad,Mumbai,BLR-MUM,218,97.67
2024-10-26,Mumbai,Delhi,CHN-HYD,186,52.29
2024-10-26,Delhi,Bangalore,MUM-DEL,234,107.63
2024-10-27,Bangalore,Chennai,BLR-CHN,179,84.52
2024-10-27,Chennai,Hyderabad,BLR-HYD,130,42.92
2024-10-27,Hyderabad,Mumbai,BLR-MUM,191,91.85
2024-10-27,Mumbai,Delhi,CHN-HYD,244,57.29
2024-10-27,Delhi,Bangalore,MUM-DEL,236,74.65
2024-10-28,Bangalore,Chennai,BLR-CHN,199,80.15
2024-10-28,Chennai,Hyderabad,BLR-HYD,102,28.18
2024-10-28,Hyderabad,Mumbai,BLR-MUM,92,23.45
2024-10-28,Mumbai,Delhi,CHN-HYD,103,44.12
2024-10-28,Delhi,Bangalore,MUM-DEL,96,38.67
2024-10-29,Bangalore,Chennai,BLR-CHN,104,30.1
2024-10-29,Chennai,Hyderabad,BLR-HYD,100,34.26
2024-10-29,Hyderabad,Mumbai,BLR-MUM,219,109.46
2024-10-29,Mumbai,Delhi,CHN-HYD,224,69.0
2024-10-29,Delhi,Bangalore,MUM-DEL,127,40.07
2024-10-30,Bangalore,Chennai,BLR-CHN,120,41.13
2024-10-30,Chennai,Hyderabad,BLR-HYD,225,87.82
2024-10-30,Hyderabad,Mumbai,BLR-MUM,184,39.69
2024-10-30,Mumbai,Delhi,CHN-HYD,92,29.9
2024-10-30,Delhi,Bangalore,MUM-DEL,220,71.44
2024-10-31,Bangalore,Chennai,BLR-CHN,209,55.09
2024-10-31,Chennai,Hyderabad,BLR-HYD,152,70.06
2024-10-31,Hyderabad,Mumbai,BLR-MUM,133,61.72
2024-10-31,Mumbai,Delhi,CHN-HYD,179,72.2
2024-10-31,Delhi,Bangalore,MUM-DEL,241,76.74
2024-11-01,Bangalore,Chennai,BLR-CHN,87,34.41
2024-11-01,Chennai,Hyderabad,BLR-HYD,97,40.85
2024-11-01,Hyderabad,Mumbai,BLR-MUM,149,58.62
2024-11-01,Mumbai,Delhi,CHN-HYD,228,92.26
2024-11-01,Delhi,Bangalore,MUM-DEL,133,34.55
2024-11-02,Bangalore,Chennai,BLR-CHN,179,40.38
2024-11-02,Chennai,Hyderabad,BLR-HYD,92,20.0
2024-11-02,Hyderabad,Mumbai,BLR-MUM,197,85.62
2024-11-02,Mumbai,Delhi,CHN-HYD,132,37.0
2024-11-02,Delhi,Bangalore,MUM-DEL,132,53.65
2024-11-03,Bangalore,Chennai,BLR-CHN,92,28.86
2024-11-03,Chennai,Hyderabad,BLR-HYD,103,46.5
2024-11-03,Hyderabad,Mumbai,BLR-MUM,160,37.97
2024-11-03,Mumbai,Delhi,CHN-HYD,217,45.45
2024-11-03,Delhi,Bangalore,MUM-DEL,210,67.47
2024-11-04,Bangalore,Chennai,BLR-CHN,96,45.29
2024-11-04,Chennai,Hyderabad,BLR-HYD,195,39.58
2024-11-04,Hyderabad,Mumbai,BLR-MUM,232,113.46
2024-11-04,Mumbai,Delhi,CHN-HYD,169,68.15
2024-11-04,Delhi,Bangalore,MUM-DEL,163,54.85
2024-11-05,Bangalore,Chennai,BLR-CHN,95,41.03
2024-11-05,Chennai,Hyderabad,BLR-HYD,183,43.82
2024-11-05,Hyderabad,Mumbai,BLR-MUM,106,39.5
2024-11-05,Mumbai,Delhi,CHN-HYD,249,107.33
2024-11-05,Delhi,Bangalore,MUM-DEL,241,61.34
2024-11-06,Bangalore,Chennai,BLR-CHN,214,43.93
2024-11-06,Chennai,Hyderabad,BLR-HYD,232,100.21
2024-11-06,Hyderabad,Mumbai,BLR-MUM,86,26.18
2024-11-06,Mumbai,Delhi,CHN-HYD,205,76.09
2024-11-06,Delhi,Bangalore,MUM-DEL,122,48.67
2024-11-07,Bangalore,Chennai,BLR-CHN,214,99.25
2024-11-07,Chennai,Hyderabad,BLR-HYD,130,26.92
2024-11-07,Hyderabad,Mumbai,BLR-MUM,154,69.14
2024-11-07,Mumbai,Delhi,CHN-HYD,124,39.61
2024-11-07,Delhi,Bangalore,MUM-DEL,211,99.14
2024-11-08,Bangalore,Chennai,BLR-CHN,236,63.36
2024-11-08,Chennai,Hyderabad,BLR-HYD,177,67.43
2024-11-08,Hyderabad,Mumbai,BLR-MUM,158,34.43
2024-11-08,Mumbai,Delhi,CHN-HYD,83,40.45
2024-11-08,Delhi,Bangalore,MUM-DEL,216,58.7
2024-11-09,Bangalore,Chennai,BLR-CHN,135,67.15
2024-11-09,Chennai,Hyderabad,BLR-HYD,154,75.28
2024-11-09,Hyderabad,Mumbai,BLR-MUM,107,46.34
2024-11-09,Mumbai,Delhi,CHN-HYD,96,25.69
2024-11-09,Delhi,Bangalore,MUM-DEL,185,86.73
2024-11-10,Bangalore,Chennai,BLR-CHN,104,45.18
2024-11-10,Chennai,Hyderabad,BLR-HYD,124,35.08
2024-11-10,Hyderabad,Mumbai,BLR-MUM,183,86.36
2024-11-10,Mumbai,Delhi,CHN-HYD,174,69.99
2024-11-10,Delhi,Bangalore,MUM-DEL,144,43.71
2024-11-11,Bangalore,Chennai,BLR-CHN,131,39.46
2024-11-11,Chennai,Hyderabad,BLR-HYD,136,63.52
2024-11-11,Hyderabad,Mumbai,BLR-MUM,105,25.64
2024-11-11,Mumbai,Delhi,CHN-HYD,84,29.33
2024-11-11,Delhi,Bangalore,MUM-DEL,184,61.51
2024-11-12,Bangalore,Chennai,BLR-CHN,133,43.18
2024-11-12,Chennai,Hyderabad,BLR-HYD,245,87.93
2024-11-12,Hyderabad,Mumbai,BLR-MUM,94,28.79
2024-11-12,Mumbai,Delhi,CHN-HYD,201,81.18
2024-11-12,Delhi,Bangalore,MUM-DEL,213,60.15
2024-11-13,Bangalore,Chennai,BLR-CHN,165,70.66
2024-11-13,Chennai,Hyderabad,BLR-HYD,157,57.14
2024-11-13,Hyderabad,Mumbai,BLR-MUM,220,74.27
2024-11-13,Mumbai,Delhi,CHN-HYD,82,20.48
2024-11-13,Delhi,Bangalore,MUM-DEL,172,59.24
2024-11-14,Bangalore,Chennai,BLR-CHN,187,84.73
2024-11-14,Chennai,Hyderabad,BLR-HYD,154,67.44
2024-11-14,Hyderabad,Mumbai,BLR-MUM,90,28.58
2024-11-14,Mumbai,Delhi,CHN-HYD,149,34.67
2024-11-14,Delhi,Bangalore,MUM-DEL,147,71.36
2024-11-15,Bangalore,Chennai,BLR-CHN,127,40.89
2024-11-15,Chennai,Hyderabad,BLR-HYD,169,60.29
2024-11-15,Hyderabad,Mumbai,BLR-MUM,155,43.07
2024-11-15,Mumbai,Delhi,CHN-HYD,168,79.94
2024-11-15,Delhi,Bangalore,MUM-DEL,134,35.4
2024-11-16,Bangalore,Chennai,BLR-CHN,233,47.59
2024-11-16,Chennai,Hyderabad,BLR-HYD,187,81.86
2024-11-16,Hyderabad,Mumbai,BLR-MUM,138,42.3
2024-11-16,Mumbai,Delhi,CHN-HYD,96,46.85
2024-11-16,Delhi,Bangalore,MUM-DEL,159,78.42
2024-11-17,Bangalore,Chennai,BLR-CHN,87,21.62
2024-11-17,Chennai,Hyderabad,BLR-HYD,87,37.58
2024-11-17,Hyderabad,Mumbai,BLR-MUM,173,67.85
2024-11-17,Mumbai,Delhi,CHN-HYD,118,51.26
2024-11-17,Delhi,Bangalore,MUM-DEL,163,60.23
2024-11-18,Bangalore,Chennai,BLR-CHN,165,75.33
2024-11-18,Chennai,Hyderabad,BLR-HYD,123,25.05
2024-11-18,Hyderabad,Mumbai,BLR-MUM,153,66.6
2024-11-18,Mumbai,Delhi,CHN-HYD,235,63.12
2024-11-18,Delhi,Bangalore,MUM-DEL,249,73.83
2024-11-19,Bangalore,Chennai,BLR-CHN,145,51.39
2024-11-19,Chennai,Hyderabad,BLR-HYD,170,46.94
2024-11-19,Hyderabad,Mumbai,BLR-MUM,234,48.85
2024-11-19,Mumbai,Delhi,CHN-HYD,187,74.56
2024-11-19,Delhi,Bangalore,MUM-DEL,89,41.87
2024-11-20,Bangalore,Chennai,BLR-CHN,234,113.83
2024-11-20,Chennai,Hyderabad,BLR-HYD,208,44.4
2024-11-20,Hyderabad,Mumbai,BLR-MUM,172,59.25
2024-11-20,Mumbai,Delhi,CHN-HYD,146,46.39
2024-11-20,Delhi,Bangalore,MUM-DEL,196,41.12
2024-11-21,Bangalore,Chennai,BLR-CHN,178,86.38
2024-11-21,Chennai,Hyderabad,BLR-HYD,170,48.05
2024-11-21,Hyderabad,Mumbai,BLR-MUM,96,41.88
2024-11-21,Mumbai,Delhi,CHN-HYD,195,61.6
2024-11-21,Delhi,Bangalore,MUM-DEL,170,55.2
2024-11-22,Bangalore,Chennai,BLR-CHN,193,90.84
2024-11-22,Chennai,Hyderabad,BLR-HYD,233,110.78
2024-11-22,Hyderabad,Mumbai,BLR-MUM,195,40.61
2024-11-22,Mumbai,Delhi,CHN-HYD,138,36.74
2024-11-22,Delhi,Bangalore,MUM-DEL,184,49.42
2024-11-23,Bangalore,Chennai,BLR-CHN,224,54.76
2024-11-23,Chennai,Hyderabad,BLR-HYD,248,120.31
2024-11-23,Hyderabad,Mumbai,BLR-MUM,218,80.44
2024-11-23,Mumbai,Delhi,CHN-HYD,228,80.94
2024-11-23,Delhi,Bangalore,MUM-DEL,105,47.45
2024-11-24,Bangalore,Chennai,BLR-CHN,188,57.51
2024-11-24,Chennai,Hyderabad,BLR-HYD,126,59.36
2024-11-24,Hyderabad,Mumbai,BLR-MUM,233,108.99
2024-11-24,Mumbai,Delhi,CHN-HYD,228,97.8
2024-11-24,Delhi,Bangalore,MUM-DEL,102,34.98
2024-11-25,Bangalore,Chennai,BLR-CHN,222,80.66
2024-11-25,Chennai,Hyderabad,BLR-HYD,188,70.94
2024-11-25,Hyderabad,Mumbai,BLR-MUM,120,34.65
2024-11-25,Mumbai,Delhi,CHN-HYD,191,87.19
2024-11-25,Delhi,Bangalore,MUM-DEL,235,91.84
2024-11-26,Bangalore,Chennai,BLR-CHN,147,42.42
2024-11-26,Chennai,Hyderabad,BLR-HYD,244,82.47
2024-11-26,Hyderabad,Mumbai,BLR-MUM,190,84.22
2024-11-26,Mumbai,Delhi,CHN-HYD,119,25.5
2024-11-26,Delhi,Bangalore,MUM-DEL,243,99.16
2024-11-27,Bangalore,Chennai,BLR-CHN,103,31.5
2024-11-27,Chennai,Hyderabad,BLR-HYD,83,20.37
2024-11-27,Hyderabad,Mumbai,BLR-MUM,195,63.88
2024-11-27,Mumbai,Delhi,CHN-HYD,148,47.0
2024-11-27,Delhi,Bangalore,MUM-DEL,141,50.7
2024-11-28,Bangalore,Chennai,BLR-CHN,133,41.05
2024-11-28,Chennai,Hyderabad,BLR-HYD,136,66.9
2024-11-28,Hyderabad,Mumbai,BLR-MUM,214,55.87
2024-11-28,Mumbai,Delhi,CHN-HYD,164,47.75
2024-11-28,Delhi,Bangalore,MUM-DEL,82,38.12
2024-11-29,Bangalore,Chennai,BLR-CHN,165,69.1
2024-11-29,Chennai,Hyderabad,BLR-HYD,155,41.43
2024-11-29,Hyderabad,Mumbai,BLR-MUM,243,102.68
2024-11-29,Mumbai,Delhi,CHN-HYD,220,71.89
2024-11-29,Delhi,Bangalore,MUM-DEL,129,60.48
2024-11-30,Bangalore,Chennai,BLR-CHN,180,74.48
2024-11-30,Chennai,Hyderabad,BLR-HYD,234,65.85
2024-11-30,Hyderabad,Mumbai,BLR-MUM,205,61.72
2024-11-30,Mumbai,Delhi,CHN-HYD,126,55.69
2024-11-30,Delhi,Bangalore,MUM-DEL,118,31.41
2024-12-01,Bangalore,Chennai,BLR-CHN,101,32.11
2024-12-01,Chennai,Hyderabad,BLR-HYD,228,55.83
2024-12-01,Hyderabad,Mumbai,BLR-MUM,95,21.24
2024-12-01,Mumbai,Delhi,CHN-HYD,110,46.88
2024-12-01,Delhi,Bangalore,MUM-DEL,111,27.77
2024-12-02,Bangalore,Chennai,BLR-CHN,88,24.7
2024-12-02,Chennai,Hyderabad,BLR-HYD,89,30.67
2024-12-02,Hyderabad,Mumbai,BLR-MUM,96,36.52
2024-12-02,Mumbai,Delhi,CHN-HYD,190,78.72
2024-12-02,Delhi,Bangalore,MUM-DEL,228,83.91
2024-12-03,Bangalore,Chennai,BLR-CHN,144,59.41
2024-12-03,Chennai,Hyderabad,BLR-HYD,130,40.4
2024-12-03,Hyderabad,Mumbai,BLR-MUM,206,92.34
2024-12-03,Mumbai,Delhi,CHN-HYD,183,46.49
2024-12-03,Delhi,Bangalore,MUM-DEL,246,83.27
2024-12-04,Bangalore,Chennai,BLR-CHN,80,18.93
2024-12-04,Chennai,Hyderabad,BLR-HYD,201,84.16
2024-12-04,Hyderabad,Mumbai,BLR-MUM,205,62.19
2024-12-04,Mumbai,Delhi,CHN-HYD,241,106.55
2024-12-04,Delhi,Bangalore,MUM-DEL,152,46.15
2024-12-05,Bangalore,Chennai,BLR-CHN,85,33.96
2024-12-05,Chennai,Hyderabad,BLR-HYD,82,19.32
2024-12-05,Hyderabad,Mumbai,BLR-MUM,128,53.52
2024-12-05,Mumbai,Delhi,CHN-HYD,188,91.02
2024-12-05,Delhi,Bangalore,MUM-DEL,144,42.28
2024-12-06,Bangalore,Chennai,BLR-CHN,94,33.09
2024-12-06,Chennai,Hyderabad,BLR-HYD,175,73.56
2024-12-06,Hyderabad,Mumbai,BLR-MUM,225,46.08
2024-12-06,Mumbai,Delhi,CHN-HYD,122,55.11
2024-12-06,Delhi,Bangalore,MUM-DEL,157,64.54
2024-12-07,Bangalore,Chennai,BLR-CHN,93,42.13
2024-12-07,Chennai,Hyderabad,BLR-HYD,211,77.58
2024-12-07,Hyderabad,Mumbai,BLR-MUM,236,105.05
2024-12-07,Mumbai,Delhi,CHN-HYD,200,72.06
2024-12-07,Delhi,Bangalore,MUM-DEL,247,53.23
2024-12-08,Bangalore,Chennai,BLR-CHN,106,36.54
2024-12-08,Chennai,Hyderabad,BLR-HYD,92,44.94
2024-12-08,Hyderabad,Mumbai,BLR-MUM,226,72.09
2024-12-08,Mumbai,Delhi,CHN-HYD,202,93.69
2024-12-08,Delhi,Bangalore,MUM-DEL,168,41.53
2024-12-09,Bangalore,Chennai,BLR-CHN,230,67.84
2024-12-09,Chennai,Hyderabad,BLR-HYD,101,40.58
2024-12-09,Hyderabad,Mumbai,BLR-MUM,151,41.55
2024-12-09,Mumbai,Delhi,CHN-HYD,198,73.56
2024-12-09,Delhi,Bangalore,MUM-DEL,95,46.98
2024-12-10,Bangalore,Chennai,BLR-CHN,151,32.55
2024-12-10,Chennai,Hyderabad,BLR-HYD,192,39.54
2024-12-10,Hyderabad,Mumbai,BLR-MUM,132,38.55
2024-12-10,Mumbai,Delhi,CHN-HYD,106,34.29
2024-12-10,Delhi,Bangalore,MUM-DEL,213,63.95
2024-12-11,Bangalore,Chennai,BLR-CHN,136,63.02
2024-12-11,Chennai,Hyderabad,BLR-HYD,148,32.63
2024-12-11,Hyderabad,Mumbai,BLR-MUM,138,42.33
2024-12-11,Mumbai,Delhi,CHN-HYD,129,42.55
2024-12-11,Delhi,Bangalore,MUM-DEL,98,39.52
2024-12-12,Bangalore,Chennai,BLR-CHN,202,43.83
2024-12-12,Chennai,Hyderabad,BLR-HYD,126,39.62
2024-12-12,Hyderabad,Mumbai,BLR-MUM,112,43.96
2024-12-12,Mumbai,Delhi,CHN-HYD,214,83.39
2024-12-12,Delhi,Bangalore,MUM-DEL,93,40.39
2024-12-13,Bangalore,Chennai,BLR-CHN,207,88.03
2024-12-13,Chennai,Hyderabad,BLR-HYD,227,64.32
2024-12-13,Hyderabad,Mumbai,BLR-MUM,161,77.66
2024-12-13,Mumbai,Delhi,CHN-HYD,184,90.92
2024-12-13,Delhi,Bangalore,MUM-DEL,141,50.14
2024-12-14,Bangalore,Chennai,BLR-CHN,96,22.17
2024-12-14,Chennai,Hyderabad,BLR-HYD,137,32.06
2024-12-14,Hyderabad,Mumbai,BLR-MUM,141,51.7
2024-12-14,Mumbai,Delhi,CHN-HYD,161,66.23
2024-12-14,Delhi,Bangalore,MUM-DEL,248,64.81
2024-12-15,Bangalore,Chennai,BLR-CHN,150,41.89
2024-12-15,Chennai,Hyderabad,BLR-HYD,89,31.6
2024-12-15,Hyderabad,Mumbai,BLR-MUM,114,31.98
2024-12-15,Mumbai,Delhi,CHN-HYD,203,74.07
2024-12-15,Delhi,Bangalore,MUM-DEL,245,120.19
2024-12-16,Bangalore,Chennai,BLR-CHN,118,29.69
2024-12-16,Chennai,Hyderabad,BLR-HYD,99,28.63
2024-12-16,Hyderabad,Mumbai,BLR-MUM,227,86.19
2024-12-16,Mumbai,Delhi,CHN-HYD,163,37.1
2024-12-16,Delhi,Bangalore,MUM-DEL,145,40.63
2024-12-17,Bangalore,Chennai,BLR-CHN,113,46.46
2024-12-17,Chennai,Hyderabad,BLR-HYD,213,58.63
2024-12-17,Hyderabad,Mumbai,BLR-MUM,89,29.83
2024-12-17,Mumbai,Delhi,CHN-HYD,175,67.03
2024-12-17,Delhi,Bangalore,MUM-DEL,179,49.2
2024-12-18,Bangalore,Chennai,BLR-CHN,81,37.25
2024-12-18,Chennai,Hyderabad,BLR-HYD,144,33.86
2024-12-18,Hyderabad,Mumbai,BLR-MUM,89,34.15
2024-12-18,Mumbai,Delhi,CHN-HYD,138,58.09
2024-12-18,Delhi,Bangalore,MUM-DEL,127,25.65
2024-12-19,Bangalore,Chennai,BLR-CHN,101,39.14
2024-12-19,Chennai,Hyderabad,BLR-HYD,237,95.76
2024-12-19,Hyderabad,Mumbai,BLR-MUM,107,41.54
2024-12-19,Mumbai,Delhi,CHN-HYD,124,46.48
2024-12-19,Delhi,Bangalore,MUM-DEL,128,46.41
2024-12-20,Bangalore,Chennai,BLR-CHN,162,78.94
2024-12-20,Chennai,Hyderabad,BLR-HYD,243,101.51
2024-12-20,Hyderabad,Mumbai,BLR-MUM,125,32.07
2024-12-20,Mumbai,Delhi,CHN-HYD,111,29.35
2024-12-20,Delhi,Bangalore,MUM-DEL,245,56.49
2024-12-21,Bangalore,Chennai,BLR-CHN,193,81.61
2024-12-21,Chennai,Hyderabad,BLR-HYD,242,113.02
2024-12-21,Hyderabad,Mumbai,BLR-MUM,164,77.8
2024-12-21,Mumbai,Delhi,CHN-HYD,235,107.72
2024-12-21,Delhi,Bangalore,MUM-DEL,211,69.7
2024-12-22,Bangalore,Chennai,BLR-CHN,152,50.39
2024-12-22,Chennai,Hyderabad,BLR-HYD,226,85.16
2024-12-22,Hyderabad,Mumbai,BLR-MUM,96,34.95
2024-12-22,Mumbai,Delhi,CHN-HYD,120,32.71
2024-12-22,Delhi,Bangalore,MUM-DEL,247,97.86
2024-12-23,Bangalore,Chennai,BLR-CHN,230,49.45
2024-12-23,Chennai,Hyderabad,BLR-HYD,126,26.32
2024-12-23,Hyderabad,Mumbai,BLR-MUM,189,53.15
2024-12-23,Mumbai,Delhi,CHN-HYD,113,24.72
2024-12-23,Delhi,Bangalore,MUM-DEL,140,45.84
2024-12-24,Bangalore,Chennai,BLR-CHN,141,53.86
2024-12-24,Chennai,Hyderabad,BLR-HYD,154,58.28
2024-12-24,Hyderabad,Mumbai,BLR-MUM,173,83.98
2024-12-24,Mumbai,Delhi,CHN-HYD,217,101.01
2024-12-24,Delhi,Bangalore,MUM-DEL,206,92.06
2024-12-25,Bangalore,Chennai,BLR-CHN,142,51.59
2024-12-25,Chennai,Hyderabad,BLR-HYD,210,80.86
2024-12-25,Hyderabad,Mumbai,BLR-MUM,144,39.75
2024-12-25,Mumbai,Delhi,CHN-HYD,170,60.59
2024-12-25,Delhi,Bangalore,MUM-DEL,152,39.8
2024-12-26,Bangalore,Chennai,BLR-CHN,186,67.24
2024-12-26,Chennai,Hyderabad,BLR-HYD,192,88.24
2024-12-26,Hyderabad,Mumbai,BLR-MUM,176,82.47
2024-12-26,Mumbai,Delhi,CHN-HYD,216,45.47
2024-12-26,Delhi,Bangalore,MUM-DEL,164,53.04
2024-12-27,Bangalore,Chennai,BLR-CHN,137,37.61
2024-12-27,Chennai,Hyderabad,BLR-HYD,247,82.19
2024-12-27,Hyderabad,Mumbai,BLR-MUM,186,89.44
2024-12-27,Mumbai,Delhi,CHN-HYD,171,55.71
2024-12-27,Delhi,Bangalore,MUM-DEL,142,40.86
2024-12-28,Bangalore,Chennai,BLR-CHN,218,82.76
2024-12-28,Chennai,Hyderabad,BLR-HYD,83,31.3
2024-12-28,Hyderabad,Mumbai,BLR-MUM,214,46.41
2024-12-28,Mumbai,Delhi,CHN-HYD,133,27.73
2024-12-28,Delhi,Bangalore,MUM-DEL,208,89.3
2024-12-29,Bangalore,Chennai,BLR-CHN,245,97.16
2024-12-29,Chennai,Hyderabad,BLR-HYD,208,99.26
2024-12-29,Hyderabad,Mumbai,BLR-MUM,164,40.69
2024-12-29,Mumbai,Delhi,CHN-HYD,212,92.42
2024-12-29,Delhi,Bangalore,MUM-DEL,171,68.27
2024-12-30,Bangalore,Chennai,BLR-CHN,188,84.21
2024-12-30,Chennai,Hyderabad,BLR-HYD,162,37.77
2024-12-30,Hyderabad,Mumbai,BLR-MUM,148,29.95
2024-12-30,Mumbai,Delhi,CHN-HYD,219,60.22
2024-12-30,Delhi,Bangalore,MUM-DEL,135,49.41
2024-12-31,Bangalore,Chennai,BLR-CHN,232,71.24
2024-12-31,Chennai,Hyderabad,BLR-HYD,142,31.66
2024-12-31,Hyderabad,Mumbai,BLR-MUM,167,72.94
2024-12-31,Mumbai,Delhi,CHN-HYD,134,35.49
2024-12-31,Delhi,Bangalore,MUM-DEL,134,65.1
